atividade_principal,atividade_secundaria1,atividade_secundaria2,nome_usar
"BARES E OUTROS ESTABELECIMENTOS ESPECIALIZADOS EM SERVIR BEBIDAS",,,"LANCHONETE"
"BARES E OUTROS ESTABELECIMENTOS ESPECIALIZADOS EM SERVIR BEBIDAS",,,"LANCHONETE"
"BARES E OUTROS ESTABELECIMENTOS ESPECIALIZADOS EM SERVIR BEBIDAS",,,"LANCHONETE"
"BARES E OUTROS ESTABELECIMENTOS ESPECIALIZADOS EM SERVIR BEBIDAS","DISCOTECAS, DANCETERIAS, SALÕES DE DANÇA E SIMILARES",,"LANCHONETE"
"BARES E OUTROS ESTABELECIMENTOS ESPECIALIZADOS EM SERVIR BEBIDAS","DISCOTECAS, DANCETERIAS, SALÕES DE DANÇA E SIMILARES",,"LANCHONETE"
"BARES E OUTROS ESTABELECIMENTOS ESPECIALIZADOS EM SERVIR BEBIDAS","LANCHONETES, CASAS DE CHÁ, DE SUCOS E SIMILARES",,"LANCHONETE"
"BARES E OUTROS ESTABELECIMENTOS ESPECIALIZADOS EM SERVIR BEBIDAS","LANCHONETES, CASAS DE CHÁ, DE SUCOS E SIMILARES",,"LANCHONETE"
"BARES E OUTROS ESTABELECIMENTOS ESPECIALIZADOS EM SERVIR BEBIDAS","LANCHONETES, CASAS DE CHÁ, DE SUCOS E SIMILARES",,"LANCHONETE"
"BARES E OUTROS ESTABELECIMENTOS ESPECIALIZADOS EM SERVIR BEBIDAS","LANCHONETES, CASAS DE CHÁ, DE SUCOS E SIMILARES","COMÉRCIO VAREJISTA DE SUVENIRES, BIJUTERIAS E ARTESANATOS","LANCHONETE"
"BARES E OUTROS ESTABELECIMENTOS ESPECIALIZADOS EM SERVIR BEBIDAS","LANCHONETES, CASAS DE CHÁ, DE SUCOS E SIMILARES","RESTAURANTES E SIMILARES","LANCHONETE"
"BARES E OUTROS ESTABELECIMENTOS ESPECIALIZADOS EM SERVIR BEBIDAS","PRODUÇÃO MUSICAL","SERVIÇOS DE ORGANIZAÇÃO DE FEIRAS, CONGRESSOS, EXPOSIÇÕES E FESTAS","LANCHONETE"
"BARES E OUTROS ESTABELECIMENTOS ESPECIALIZADOS EM SERVIR BEBIDAS","RESTAURANTES E SIMILARES",,"LANCHONETE"
"BARES E OUTROS ESTABELECIMENTOS ESPECIALIZADOS EM SERVIR BEBIDAS","SERVIÇOS DE MÚSICA AO VIVO","EXPLORAÇÃO DE JOGOS DE SINUCA, BILHAR E SIMILARES","LANCHONETE"
"BARES E OUTROS ESTABELECIMENTOS ESPECIALIZADOS EM SERVIR BEBIDAS","SERVIÇOS DE MÚSICA AO VIVO","PRODUÇÃO MUSICAL","LANCHONETE"
"BARES E OUTROS ESTABELECIMENTOS ESPECIALIZADOS EM SERVIR BEBIDAS","SERVIÇOS DE MÚSICA MECÂNICA","LANCHONETES, CASAS DE CHÁ, DE SUCOS E SIMILARES","LANCHONETE"
"BARES E OUTROS ESTABELECIMENTOS ESPECIALIZADOS EM SERVIR BEBIDAS","SERVIÇOS DE MÚSICA MECÂNICA","SERVIÇOS DE MÚSICA AO VIVO","LANCHONETE"
"BARES E OUTROS ESTABELECIMENTOS ESPECIALIZADOS EM SERVIR BEBIDAS","SERVIÇOS DE MÚSICA MECÂNICA","SERVIÇOS DE MÚSICA AO VIVO","LANCHONETE"
"BARES E OUTROS ESTABELECIMENTOS ESPECIALIZADOS EM SERVIR BEBIDAS","SERVIÇOS DE MÚSICA MECÂNICA","SERVIÇOS DE MÚSICA AO VIVO","LANCHONETE"
"BARES E OUTROS ESTABELECIMENTOS ESPECIALIZADOS EM SERVIR BEBIDAS","SERVIÇOS DE MÚSICA MECÂNICA","SERVIÇOS DE MÚSICA AO VIVO","LANCHONETE"
"BARES E OUTROS ESTABELECIMENTOS ESPECIALIZADOS EM SERVIR BEBIDAS","SERVIÇOS DE MÚSICA MECÂNICA","SERVIÇOS DE MÚSICA AO VIVO","LANCHONETE"
"BARES E OUTROS ESTABELECIMENTOS ESPECIALIZADOS EM SERVIR BEBIDAS","SERVIÇOS DE MÚSICA MECÂNICA","SERVIÇOS DE MÚSICA AO VIVO","LANCHONETE"
"BARES E OUTROS ESTABELECIMENTOS ESPECIALIZADOS EM",,,"BAR"
"BARES E OUTROS ESTABELECIMENTOS ESPECIALIZADOS EM",,,"BAR"
"BARES E OUTROS ESTABELECIMENTOS ESPECIALIZADOS EM",,,"BAR"
"BARES E OUTROS ESTABELECIMENTOS ESPECIALIZADOS EM","ATIVIDADE DE MANOBRISTAS DE AUTOMÓVEIS (SERVIÇOS D","CASAS DE FESTAS E EVENTOS","BAR"
"BARES E OUTROS ESTABELECIMENTOS ESPECIALIZADOS EM","COMÉRCIO VAREJISTA DE OUTROS ARTIGOS USADOS","COMÉRCIO VAREJISTA DE ARTIGOS DO VESTUÁRIO E ACESS","BAR"
"BARES E OUTROS ESTABELECIMENTOS ESPECIALIZADOS EM","DISCOTECAS, DANCETERIAS, SALÕES DE DANÇA E SIMILAR",,"BAR"
"BARES E OUTROS ESTABELECIMENTOS ESPECIALIZADOS EM","DISCOTECAS, DANCETERIAS, SALÕES DE DANÇA E SIMILAR",,"BAR"
"BARES E OUTROS ESTABELECIMENTOS ESPECIALIZADOS EM","DISCOTECAS, DANCETERIAS, SALÕES DE DANÇA E SIMILAR","RESTAURANTES E SIMILARES","BAR"
"BARES E OUTROS ESTABELECIMENTOS ESPECIALIZADOS EM","EXPLORAÇÃO DE JOGOS DE SINUCA, BILHAR E SIMILARES","COMÉRCIO VAREJISTA DE CARNES ASSADAS (SEM CONSUMO","BAR"
"BARES E OUTROS ESTABELECIMENTOS ESPECIALIZADOS EM","LANCHONETES, CASAS DE CHÁ, DE SUCOS E SIMILARES",,"BAR"
"BARES E OUTROS ESTABELECIMENTOS ESPECIALIZADOS EM","LANCHONETES, CASAS DE CHÁ, DE SUCOS E SIMILARES",,"BAR"
"BARES E OUTROS ESTABELECIMENTOS ESPECIALIZADOS EM","LANCHONETES, CASAS DE CHÁ, DE SUCOS E SIMILARES",,"BAR"
"BARES E OUTROS ESTABELECIMENTOS ESPECIALIZADOS EM","LANCHONETES, CASAS DE CHÁ, DE SUCOS E SIMILARES",,"BAR"
"BARES E OUTROS ESTABELECIMENTOS ESPECIALIZADOS EM","LANCHONETES, CASAS DE CHÁ, DE SUCOS E SIMILARES",,"BAR"
"BARES E OUTROS ESTABELECIMENTOS ESPECIALIZADOS EM","LANCHONETES, CASAS DE CHÁ, DE SUCOS E SIMILARES",,"BAR"
"BARES E OUTROS ESTABELECIMENTOS ESPECIALIZADOS EM","LANCHONETES, CASAS DE CHÁ, DE SUCOS E SIMILARES",,"BAR"
"BARES E OUTROS ESTABELECIMENTOS ESPECIALIZADOS EM","LANCHONETES, CASAS DE CHÁ, DE SUCOS E SIMILARES",,"BAR"
"BARES E OUTROS ESTABELECIMENTOS ESPECIALIZADOS EM","LANCHONETES, CASAS DE CHÁ, DE SUCOS E SIMILARES",,"BAR"
"BARES E OUTROS ESTABELECIMENTOS ESPECIALIZADOS EM","LANCHONETES, CASAS DE CHÁ, DE SUCOS E SIMILARES",,"BAR"
"BARES E OUTROS ESTABELECIMENTOS ESPECIALIZADOS EM","LANCHONETES, CASAS DE CHÁ, DE SUCOS E SIMILARES",,"BAR"
"BARES E OUTROS ESTABELECIMENTOS ESPECIALIZADOS EM","LANCHONETES, CASAS DE CHÁ, DE SUCOS E SIMILARES",,"BAR"
"BARES E OUTROS ESTABELECIMENTOS ESPECIALIZADOS EM","LANCHONETES, CASAS DE CHÁ, DE SUCOS E SIMILARES",,"BAR"
"BARES E OUTROS ESTABELECIMENTOS ESPECIALIZADOS EM","LANCHONETES, CASAS DE CHÁ, DE SUCOS E SIMILARES",,"BAR"
"BARES E OUTROS ESTABELECIMENTOS ESPECIALIZADOS EM","LANCHONETES, CASAS DE CHÁ, DE SUCOS E SIMILARES",,"BAR"
"BARES E OUTROS ESTABELECIMENTOS ESPECIALIZADOS EM","LANCHONETES, CASAS DE CHÁ, DE SUCOS E SIMILARES",,"BAR"
"BARES E OUTROS ESTABELECIMENTOS ESPECIALIZADOS EM","LANCHONETES, CASAS DE CHÁ, DE SUCOS E SIMILARES",,"BAR"
"BARES E OUTROS ESTABELECIMENTOS ESPECIALIZADOS EM","LANCHONETES, CASAS DE CHÁ, DE SUCOS E SIMILARES",,"BAR"
"BARES E OUTROS ESTABELECIMENTOS ESPECIALIZADOS EM","LANCHONETES, CASAS DE CHÁ, DE SUCOS E SIMILARES",,"BAR"
"BARES E OUTROS ESTABELECIMENTOS ESPECIALIZADOS EM","LANCHONETES, CASAS DE CHÁ, DE SUCOS E SIMILARES",,"BAR"
"BARES E OUTROS ESTABELECIMENTOS ESPECIALIZADOS EM","LANCHONETES, CASAS DE CHÁ, DE SUCOS E SIMILARES","COMÉRCIO VAREJISTA DE ARTIGOS DO VESTUÁRIO E ACESS","BAR"
"BARES E OUTROS ESTABELECIMENTOS ESPECIALIZADOS EM","LANCHONETES, CASAS DE CHÁ, DE SUCOS E SIMILARES","COMÉRCIO VAREJISTA DE BEBIDAS","BAR"
"BARES E OUTROS ESTABELECIMENTOS ESPECIALIZADOS EM","LANCHONETES, CASAS DE CHÁ, DE SUCOS E SIMILARES","COMÉRCIO VAREJISTA DE BEBIDAS","BAR"
"BARES E OUTROS ESTABELECIMENTOS ESPECIALIZADOS EM","LANCHONETES, CASAS DE CHÁ, DE SUCOS E SIMILARES","COMÉRCIO VAREJISTA DE SUVENIRES, BIJUTERIAS E ARTE","BAR"
"BARES E OUTROS ESTABELECIMENTOS ESPECIALIZADOS EM","LANCHONETES, CASAS DE CHÁ, DE SUCOS E SIMILARES","COMÉRCIO VAREJISTA DE SUVENIRES, BIJUTERIAS E ARTE","BAR"
"BARES E OUTROS ESTABELECIMENTOS ESPECIALIZADOS EM","LANCHONETES, CASAS DE CHÁ, DE SUCOS E SIMILARES","RESTAURANTES E SIMILARES","BAR"
"BARES E OUTROS ESTABELECIMENTOS ESPECIALIZADOS EM","LANCHONETES, CASAS DE CHÁ, DE SUCOS E SIMILARES","RESTAURANTES E SIMILARES","BAR"
"BARES E OUTROS ESTABELECIMENTOS ESPECIALIZADOS EM","LANCHONETES, CASAS DE CHÁ, DE SUCOS E SIMILARES","RESTAURANTES E SIMILARES","BAR"
"BARES E OUTROS ESTABELECIMENTOS ESPECIALIZADOS EM","LANCHONETES, CASAS DE CHÁ, DE SUCOS E SIMILARES","RESTAURANTES E SIMILARES","BAR"
"BARES E OUTROS ESTABELECIMENTOS ESPECIALIZADOS EM","LANCHONETES, CASAS DE CHÁ, DE SUCOS E SIMILARES","SERVIÇOS DE ALIMENTAÇÃO PARA EVENTOS E RECEPÇÕES -","BAR"
"BARES E OUTROS ESTABELECIMENTOS ESPECIALIZADOS EM","LANCHONETES, CASAS DE CHÁ, DE SUCOS E SIMILARES","TABACARIA","BAR"
"BARES E OUTROS ESTABELECIMENTOS ESPECIALIZADOS EM","LANCHONETES, CASAS DE CHÁ, DE SUCOS E SIMILARES","TABACARIA","BAR"
"BARES E OUTROS ESTABELECIMENTOS ESPECIALIZADOS EM","PRODUÇÃO MUSICAL","LANCHONETES, CASAS DE CHÁ, DE SUCOS E SIMILARES","BAR"
"BARES E OUTROS ESTABELECIMENTOS ESPECIALIZADOS EM","RESTAURANTES E SIMILARES",,"BAR"
"BARES E OUTROS ESTABELECIMENTOS ESPECIALIZADOS EM","RESTAURANTES E SIMILARES","COMÉRCIO VAREJISTA DE PRODUTOS ALIMENTÍCIOS EM GER","BAR"
"BARES E OUTROS ESTABELECIMENTOS ESPECIALIZADOS EM","SERVIÇOS DE MÚSICA AO VIVO","EXPLORAÇÃO DE JOGOS DE SINUCA, BILHAR E SIMILARES","BAR"
"BARES E OUTROS ESTABELECIMENTOS ESPECIALIZADOS EM","SERVIÇOS DE MÚSICA MECÂNICA","LANCHONETES, CASAS DE CHÁ, DE SUCOS E SIMILARES","BAR"
"BARES E OUTROS ESTABELECIMENTOS ESPECIALIZADOS EM","SERVIÇOS DE MÚSICA MECÂNICA","LANCHONETES, CASAS DE CHÁ, DE SUCOS E SIMILARES","BAR"
"BARES E OUTROS ESTABELECIMENTOS ESPECIALIZADOS EM","SERVIÇOS DE MÚSICA MECÂNICA","RESTAURANTES E SIMILARES","BAR"
"BARES E OUTROS ESTABELECIMENTOS ESPECIALIZADOS EM","SERVIÇOS DE MÚSICA MECÂNICA","SERVIÇOS DE MÚSICA AO VIVO","BAR"
"BARES E OUTROS ESTABELECIMENTOS ESPECIALIZADOS EM","SERVIÇOS DE MÚSICA MECÂNICA","SERVIÇOS DE MÚSICA AO VIVO","BAR"
"BARES E OUTROS ESTABELECIMENTOS ESPECIALIZADOS EM","SERVIÇOS DE MÚSICA MECÂNICA","SERVIÇOS DE MÚSICA AO VIVO","BAR"
"BARES E OUTROS ESTABELECIMENTOS ESPECIALIZADOS EM","SERVIÇOS DE MÚSICA MECÂNICA","SERVIÇOS DE MÚSICA AO VIVO","BAR"
"BARES E OUTROS ESTABELECIMENTOS ESPECIALIZADOS EM","SERVIÇOS DE MÚSICA MECÂNICA","SERVIÇOS DE MÚSICA AO VIVO","BAR"
"BARES E OUTROS ESTABELECIMENTOS ESPECIALIZADOS EM","SERVIÇOS DE MÚSICA MECÂNICA","SERVIÇOS DE MÚSICA AO VIVO","BAR"
"BARES E OUTROS ESTABELECIMENTOS ESPECIALIZADOS EM","SERVIÇOS DE MÚSICA MECÂNICA","SERVIÇOS DE MÚSICA AO VIVO","BAR"
"BARES E OUTROS ESTABELECIMENTOS ESPECIALIZADOS EM","SERVIÇOS DE MÚSICA MECÂNICA","SERVIÇOS DE MÚSICA AO VIVO","BAR"
"BARES E OUTROS ESTABELECIMENTOS ESPECIALIZADOS EM","SERVIÇOS DE MÚSICA MECÂNICA","SERVIÇOS DE MÚSICA AO VIVO","BAR"
"BARES E OUTROS ESTABELECIMENTOS ESPECIALIZADOS EM","SERVIÇOS DE MÚSICA MECÂNICA","SERVIÇOS DE MÚSICA AO VIVO","BAR"
"CABELEIREIRO",,,"LOJAS DE CABELO"
"CABELEIREIRO",,,"LOJAS DE CABELO"
"CABELEIREIRO",,,"LOJAS DE CABELO"
"CABELEIREIROS, MANICURE E PEDICURE","ATIVIDADES DE ESTÉTICA E OUTROS SERVIÇOS DE CUIDAD",,"LOJAS DE CABELO"
"CABELEIREIROS, MANICURE E PEDICURE","ATIVIDADES DE ESTÉTICA E OUTROS SERVIÇOS DE CUIDAD","COMÉRCIO VAREJISTA DE COSMÉTICOS, PRODUTOS DE PERF","LOJAS DE CABELO"
"CABELEIREIROS, MANICURE E PEDICURE","COMÉRCIO VAREJISTA DE COSMÉTICOS, PRODUTOS DE PERF",,"LOJAS DE CABELO"
"CABELEIREIROS",,,"LOJAS DE CABELO"
"CASAS DE FESTAS E EVENTOS","AGENCIAMENTO DE ESPAÇOS PARA PUBLICIDADE, EXCETO E",,"ENTRETENIMENTO"
"CASAS DE FESTAS E EVENTOS","SERVIÇOS COMBINADOS DE ESCRITÓRIO E APOIO ADMINIST",,"ENTRETENIMENTO"
"CHURRASCARIA","RESTAURANTES E SIMILARES",,"RESTAURANTE"
"COMÉRCIO A VAREJO DE AUTOMÓVEIS, CAMIONETAS E UTIL",,,"MOTOS E AUTOMOTIVOS"
"COMÉRCIO A VAREJO DE AUTOMÓVEIS, CAMIONETAS E UTIL","ATIVIDADES DE COBRANÇAS E INFORMAÇÕES CADASTRAIS","ATIVIDADES DE INTERMEDIAÇÃO E AGENCIAMENTO DE SERV","MOTOS E AUTOMOTIVOS"
"COMÉRCIO A VAREJO DE AUTOMÓVEIS, CAMIONETAS E UTIL","ATIVIDADES DE COBRANÇAS E INFORMAÇÕES CADASTRAIS","COMÉRCIO A VAREJO DE MOTOCICLETAS E MOTONETAS USAD","MOTOS E AUTOMOTIVOS"
"COMÉRCIO A VAREJO DE AUTOMÓVEIS, CAMIONETAS E UTIL","ATIVIDADES DE INTERMEDIAÇÃO E AGENCIAMENTO DE SERV","SERVIÇOS DE INSTALAÇÃO, MANUTENÇÃO E REPARAÇÃO DE","MOTOS E AUTOMOTIVOS"
"COMÉRCIO A VAREJO DE AUTOMÓVEIS, CAMIONETAS E UTIL","COMÉRCIO A VAREJO DE MOTOCICLETAS E MOTONETAS USAD","COMÉRCIO SOB CONSIGNAÇÃO DE VEÍCULOS AUTOMOTORES","MOTOS E AUTOMOTIVOS"
"COMÉRCIO A VAREJO DE AUTOMÓVEIS, CAMIONETAS E UTIL","COMÉRCIO A VAREJO DE PEÇAS E ACESSÓRIOS NOVOS PARA","COMÉRCIO SOB CONSIGNAÇÃO DE VEÍCULOS AUTOMOTORES","MOTOS E AUTOMOTIVOS"
"COMÉRCIO A VAREJO DE AUTOMÓVEIS, CAMIONETAS E UTIL","COMÉRCIO SOB CONSIGNAÇÃO DE VEÍCULOS AUTOMOTORES","COMÉRCIO A VAREJO DE AUTOMÓVEIS, CAMIONETAS E UTIL","MOTOS E AUTOMOTIVOS"
"COMÉRCIO A VAREJO DE AUTOMÓVEIS, CAMIONETAS E UTIL","LOCAÇÃO DE AUTOMÓVEIS SEM CONDUTOR",,"MOTOS E AUTOMOTIVOS"
"COMÉRCIO A VAREJO DE AUTOMÓVEIS, CAMIONETAS E UTIL","SERVIÇOS DE ALINHAMENTO E BALANCEAMENTO DE VEÍCULO","COMÉRCIO A VAREJO DE PEÇAS E ACESSÓRIOS NOVOS PARA","MOTOS E AUTOMOTIVOS"
"COMÉRCIO A VAREJO DE AUTOMÓVEIS, CAMIONETAS E UTILITÁRIOS NOVOS","ATIVIDADES DE INTERMEDIAÇÃO E AGENCIAMENTO DE SERVIÇOS E NEGÓCIOS EM GERAL, EXCETO IMOBILIÁRIOS","SERVIÇOS DE INSTALAÇÃO, MANUTENÇÃO E REPARAÇÃO DE ACESSÓRIOS PARA VEÍCULOS AUTOMOTORES","MOTOS E AUTOMOTIVOS"
"COMÉRCIO A VAREJO DE AUTOMÓVEIS, CAMIONETAS E UTILITÁRIOS NOVOS","COMÉRCIO A VAREJO DE AUTOMÓVEIS, CAMIONETAS E UTILITÁRIOS USADOS",,"MOTOS E AUTOMOTIVOS"
"COMÉRCIO A VAREJO DE AUTOMÓVEIS, CAMIONETAS E UTILITÁRIOS NOVOS","COMÉRCIO SOB CONSIGNAÇÃO DE VEÍCULOS AUTOMOTORES","COMÉRCIO A VAREJO DE AUTOMÓVEIS, CAMIONETAS E UTILITÁRIOS USADOS","MOTOS E AUTOMOTIVOS"
"COMÉRCIO A VAREJO DE AUTOMÓVEIS, CAMIONETAS E UTILITÁRIOS NOVOS","COMÉRCIO SOB CONSIGNAÇÃO DE VEÍCULOS AUTOMOTORES","COMÉRCIO A VAREJO DE AUTOMÓVEIS, CAMIONETAS E UTILITÁRIOS USADOS","MOTOS E AUTOMOTIVOS"
"COMÉRCIO A VAREJO DE AUTOMÓVEIS, CAMIONETAS E UTILITÁRIOS NOVOS","OUTRAS SOCIEDADES DE PARTICIPAÇÃO, EXCETO HOLDINGS","COMÉRCIO A VAREJO DE PEÇAS E ACESSÓRIOS NOVOS PARA VEÍCULOS AUTOMOTORES","MOTOS E AUTOMOTIVOS"
"COMÉRCIO A VAREJO DE AUTOMÓVEIS, CAMIONETAS E UTILITÁRIOS NOVOS","OUTRAS SOCIEDADES DE PARTICIPAÇÃO, EXCETO HOLDINGS","COMÉRCIO SOB CONSIGNAÇÃO DE VEÍCULOS AUTOMOTORES","MOTOS E AUTOMOTIVOS"
"COMÉRCIO A VAREJO DE AUTOMÓVEIS, CAMIONETAS E UTILITÁRIOS NOVOS","SERVIÇOS DE INSTALAÇÃO, MANUTENÇÃO E REPARAÇÃO DE ACESSÓRIOS PARA VEÍCULOS AUTOMOTORES","COMÉRCIO A VAREJO DE PEÇAS E ACESSÓRIOS NOVOS PARA VEÍCULOS AUTOMOTORES","MOTOS E AUTOMOTIVOS"
"COMÉRCIO A VAREJO DE AUTOMÓVEIS, CAMIONETAS E UTILITÁRIOS USADOS","ATIVIDADES DE COBRANÇAS E INFORMAÇÕES CADASTRAIS","COMÉRCIO A VAREJO DE MOTOCICLETAS E MOTONETAS USADAS","MOTOS E AUTOMOTIVOS"
"COMÉRCIO A VAREJO DE MOTOCICLETAS E MOTONETAS NOVA","ATIVIDADES DE INTERMEDIAÇÃO E AGENCIAMENTO DE SERV","ALUGUEL DE IMÓVEIS PRÓPRIOS","MOTOS E AUTOMOTIVOS"
"COMÉRCIO A VAREJO DE MOTOCICLETAS E MOTONETAS NOVA","COMÉRCIO A VAREJO DE PEÇAS E ACESSÓRIOS PARA MOTOC","COMÉRCIO A VAREJO DE MOTOCICLETAS E MOTONETAS USAD","MOTOS E AUTOMOTIVOS"
"COMÉRCIO A VAREJO DE MOTOCICLETAS E MOTONETAS NOVA","COMÉRCIO A VAREJO DE PEÇAS E ACESSÓRIOS PARA MOTOC","COMÉRCIO A VAREJO DE MOTOCICLETAS E MOTONETAS USAD","MOTOS E AUTOMOTIVOS"
"COMÉRCIO A VAREJO DE MOTOCICLETAS E MOTONETAS NOVA","COMÉRCIO A VAREJO DE PEÇAS E ACESSÓRIOS PARA MOTOC","MANUTENÇÃO E REPARAÇÃO DE MOTOCICLETAS E MOTONETAS","MOTOS E AUTOMOTIVOS"
"COMÉRCIO A VAREJO DE MOTOCICLETAS E MOTONETAS NOVA","LOCAÇÃO DE OUTROS MEIOS DE TRANSPORTE NÃO ESPECIFI","COMÉRCIO A VAREJO DE MOTOCICLETAS E MOTONETAS USAD","MOTOS E AUTOMOTIVOS"
"COMÉRCIO A VAREJO DE MOTOCICLETAS E MOTONETAS NOVAS","ADMINISTRAÇÃO DE CONSÓRCIOS PARA AQUISIÇÃO DE BENS E DIREITOS","COMÉRCIO A VAREJO DE PEÇAS E ACESSÓRIOS PARA MOTOCICLETAS E MOTONETAS","MOTOS E AUTOMOTIVOS"
"COMÉRCIO A VAREJO DE MOTOCICLETAS E MOTONETAS NOVAS","ATIVIDADES DE INTERMEDIAÇÃO E AGENCIAMENTO DE SERVIÇOS E NEGÓCIOS EM GERAL, EXCETO IMOBILIÁRIOS","ALUGUEL DE IMÓVEIS PRÓPRIOS","MOTOS E AUTOMOTIVOS"
"COMÉRCIO A VAREJO DE MOTOCICLETAS E MOTONETAS NOVAS","COMÉRCIO A VAREJO DE PEÇAS E ACESSÓRIOS PARA MOTOCICLETAS E MOTONETAS","COMÉRCIO A VAREJO DE MOTOCICLETAS E MOTONETAS USADAS","MOTOS E AUTOMOTIVOS"
"COMÉRCIO A VAREJO DE MOTOCICLETAS E MOTONETAS NOVAS","COMÉRCIO A VAREJO DE PEÇAS E ACESSÓRIOS PARA MOTOCICLETAS E MOTONETAS","COMÉRCIO A VAREJO DE MOTOCICLETAS E MOTONETAS USADAS","MOTOS E AUTOMOTIVOS"
"COMÉRCIO A VAREJO DE MOTOCICLETAS E MOTONETAS USAD","ATIVIDADES DE INTERMEDIAÇÃO E AGENCIAMENTO DE SERV","COMÉRCIO A VAREJO DE PEÇAS E ACESSÓRIOS PARA MOTOC","MOTOS E AUTOMOTIVOS"
"COMÉRCIO A VAREJO DE MOTOCICLETAS E MOTONETAS USAD","COMÉRCIO A VAREJO DE PEÇAS E ACESSÓRIOS PARA MOTOC",,"MOTOS E AUTOMOTIVOS"
"COMÉRCIO A VAREJO DE MOTOCICLETAS E MOTONETAS USAD","COMÉRCIO A VAREJO DE PEÇAS E ACESSÓRIOS PARA MOTOC","COMÉRCIO SOB CONSIGNAÇÃO DE MOTOCICLETAS E MOTONET","MOTOS E AUTOMOTIVOS"
"COMÉRCIO A VAREJO DE MOTOCICLETAS E MOTONETAS USADAS","COMÉRCIO A VAREJO DE PEÇAS E ACESSÓRIOS PARA MOTOCICLETAS E MOTONETAS","COMÉRCIO VAREJISTA DE ARTIGOS ESPORTIVOS","MOTOS E AUTOMOTIVOS"
"COMÉRCIO A VAREJO DE PEÇAS E ACESSÓRIOS NOVOS PARA VEÍCULOS AUTOMOTORES",,,"COMÉRCIO/MANUTENÇÃO ELETRÔNICOS"
"COMÉRCIO A VAREJO DE PEÇAS E ACESSÓRIOS NOVOS PARA VEÍCULOS AUTOMOTORES","COMÉRCIO A VAREJO DE PEÇAS E ACESSÓRIOS USADOS PARA VEÍCULOS AUTOMOTORES",,"MOTOS E AUTOMOTIVOS"
"COMÉRCIO A VAREJO DE PEÇAS E ACESSÓRIOS NOVOS PARA VEÍCULOS AUTOMOTORES","COMÉRCIO A VAREJO DE PNEUMÁTICOS E CÂMARAS-DE-AR","SERVIÇOS DE ALINHAMENTO E BALANCEAMENTO DE VEÍCULOS AUTOMOTORES","MOTOS E AUTOMOTIVOS"
"COMÉRCIO A VAREJO DE PEÇAS E ACESSÓRIOS NOVOS PARA VEÍCULOS AUTOMOTORES","COMÉRCIO VAREJISTA ESPECIALIZADO DE ELETRODOMÉSTICOS E EQUIPAMENTOS DE ÁUDIO E VÍDEO",,"COMÉRCIO/MANUTENÇÃO ELETRÔNICOS"
"COMÉRCIO A VAREJO DE PEÇAS E ACESSÓRIOS NOVOS PARA VEÍCULOS AUTOMOTORES","COMÉRCIO VAREJISTA ESPECIALIZADO DE EQUIPAMENTOS E SUPRIMENTOS DE INFORMÁTICA","ALUGUEL DE OUTROS OBJETOS PESSOAIS E DOMÉSTICOS NÃO ESPECIFICADOS ANTERIORMENTE","MOTOS E AUTOMOTIVOS"
"COMÉRCIO A VAREJO DE PEÇAS E ACESSÓRIOS NOVOS PARA VEÍCULOS AUTOMOTORES","COMÉRCIO VAREJISTA ESPECIALIZADO DE EQUIPAMENTOS E SUPRIMENTOS DE INFORMÁTICA","SERVIÇOS DE INSTALAÇÃO, MANUTENÇÃO E REPARAÇÃO DE ACESSÓRIOS PARA VEÍCULOS AUTOMOTORES","MOTOS E AUTOMOTIVOS"
"COMÉRCIO A VAREJO DE PEÇAS E ACESSÓRIOS NOVOS PARA","COMÉRCIO A VAREJO DE PEÇAS E ACESSÓRIOS USADOS PAR",,"MOTOS E AUTOMOTIVOS"
"COMÉRCIO A VAREJO DE PEÇAS E ACESSÓRIOS NOVOS PARA","SERVIÇOS DE INSTALAÇÃO, MANUTENÇÃO E REPARAÇÃO DE",,"MOTOS E AUTOMOTIVOS"
"COMÉRCIO A VAREJO DE PEÇAS E ACESSÓRIOS NOVOS PARA","SERVIÇOS DE INSTALAÇÃO, MANUTENÇÃO E REPARAÇÃO DE",,"MOTOS E AUTOMOTIVOS"
"COMÉRCIO A VAREJO DE PEÇAS E ACESSÓRIOS NOVOS PARA","SERVIÇOS DE INSTALAÇÃO, MANUTENÇÃO E REPARAÇÃO DE","INSTALAÇÃO E MANUTENÇÃO ELÉTRICA","MOTOS E AUTOMOTIVOS"
"COMÉRCIO A VAREJO DE PEÇAS E ACESSÓRIOS PARA MOTOC","MANUTENÇÃO E REPARAÇÃO DE MOTOCICLETAS E MOTONETAS",,"MOTOS E AUTOMOTIVOS"
"COMÉRCIO A VAREJO DE PNEUMÁTICOS E CÂMARAS-DE-AR","SERVIÇOS DE ALINHAMENTO E BALANCEAMENTO DE VEÍCULO","COMÉRCIO A VAREJO DE PEÇAS E ACESSÓRIOS NOVOS PARA","MOTOS E AUTOMOTIVOS"
"COMÉRCIO A VAREJO DE PNEUMÁTICOS E CÂMARAS-DE-AR","SERVIÇOS DE INSTALAÇÃO, MANUTENÇÃO E REPARAÇÃO DE","SERVIÇOS DE ALINHAMENTO E BALANCEAMENTO DE VEÍCULO","MOTOS E AUTOMOTIVOS"
"COMÉRCIO ATACADISTA DE ARTIGOS DO VESTUÁRIO E ACES","COMERCIO VAREJISTA DE ARTIGOS DE CAMA, MESA E BANH","COMÉRCIO ATACADISTA DE ARTIGOS DE CAMA, MESA E BAN","TÊXTIL"
"COMÉRCIO ATACADISTA DE ARTIGOS DO VESTUÁRIO E ACESSÓRIOS, EXCETO PROFISSIONAIS E DE SEGURANÇA","COMÉRCIO VAREJISTA DE ARTIGOS DO VESTUÁRIO E ACESSÓRIOS",,"TÊXTIL"
"COMÉRCIO ATACADISTA DE COMPONENTES ELETRÔNICOS E E","SERVIÇOS DE AGRONOMIA E DE CONSULTORIA ÀS ATIVIDAD","COMÉRCIO ATACADISTA DE MATERIAL ELÉTRICO","COMÉRCIO/MANUTENÇÃO ELETRÔNICOS"
"COMÉRCIO ATACADISTA DE FERRAGENS E FERRAMENTAS","SERVIÇOS DE PINTURA DE FAIXAS, PAINÉIS, CARTAZES,","COMÉRCIO ATACADISTA DE MATERIAIS DE CONSTRUÇÃO EM","COMÉRCIO/MANUTENÇÃO ELETRÔNICOS"
"COMÉRCIO ATACADISTA DE MÁQUINAS E EQUIPAMENTOS PAR","ALUGUEL DE OUTRAS MÁQUINAS E EQUIPAMENTOS COMERCIA","COMÉRCIO ATACADISTA DE BOMBAS E COMPRESSORES PART","COMÉRCIO/MANUTENÇÃO ELETRÔNICOS"
"COMÉRCIO ATACADISTA DE MÓVEIS E ARTIGOS DE COLCHOA","COMÉRCIO VAREJISTA DE OUTROS ARTIGOS DE USO DOMÉST","COMÉRCIO VAREJISTA DE OUTROS PRODUTOS NÃO ESPECIFI","DECORAÇÃO, CASA OU MÓVEIS PLANEJADOS"
"COMÉRCIO ATACADISTA DE OUTRAS MÁQUINAS E EQUIPAMEN","COMÉRCIO VAREJISTA ESPECIALIZADO DE ELETRODOMÉSTIC","MANUTENÇÃO E REPARAÇÃO DE MÁQUINAS E EQUIPAMENTOS","TÊXTIL"
"COMÉRCIO ATACADISTA DE TECIDOS",,,"TÊXTIL"
"COMÉRCIO ATACADISTA DE TECIDOS","COMÉRCIO ATACADISTA DE ARTIGOS DE ARMARINHO","COMERCIO VAREJISTA DE ARTIGOS DE CAMA, MESA E BANH","TÊXTIL"
"COMÉRCIO ATACADISTA DE TECIDOS","COMÉRCIO ATACADISTA DE ARTIGOS DE ARMARINHO","COMERCIO VAREJISTA DE ARTIGOS DE CAMA, MESA E BANHO","TÊXTIL"
"COMÉRCIO POR ATACADO DE PEÇAS E ACESSÓRIOS NOVOS PARA VEÍCULOS AUTOMOTORES","REPARAÇÃO E MANUTENÇÃO DE EQUIPAMENTOS DE COMUNICAÇÃO","REPARAÇÃO E MANUTENÇÃO DE EQUIPAMENTOS ELETROELETRÔNICOS DE USO PESSOAL E DOMÉSTICO","MOTOS E AUTOMOTIVOS"
"COMÉRCIO SOB CONSIGNAÇÃO DE VEÍCULOS AUTOMOTORES","ATIVIDADES DE INTERMEDIAÇÃO E AGENCIAMENTO DE SERV","COMPRA E VENDA DE IMÓVEIS PRÓPRIOS","MOTOS E AUTOMOTIVOS"
"COMÉRCIO VAREJISTA DE ANTIGÜIDADES","COMÉRCIO VAREJISTA DE OUTROS ARTIGOS USADOS",,"BRECHÓS OU ANTIGUIDADES"
"COMÉRCIO VAREJISTA DE ANTIGÜIDADES","SHOW ROOM","COMÉRCIO VAREJISTA DE OUTROS PRODUTOS NÃO ESPECIFICADOS ANTERIORMENTE","RESTAURANTES ITALIANOS"
"COMERCIO VAREJISTA DE ARTIGOS DE ARMARINHO","ATIVIDADES DE INTERMEDIAÇÃO E AGENCIAMENTO DE SERV","COMÉRCIO VAREJISTA DE OUTROS PRODUTOS NÃO ESPECIFI","TÊXTIL"
"COMERCIO VAREJISTA DE ARTIGOS DE ARMARINHO","COMÉRCIO ATACADISTA DE FIOS E FIBRAS TÊXTEIS BENEF","COMÉRCIO ATACADISTA DE TECIDOS","TÊXTIL"
"COMERCIO VAREJISTA DE ARTIGOS DE ARMARINHO","COMERCIO VAREJISTA DE ARTIGOS DE CAMA, MESA E BANH","COMÉRCIO VAREJISTA DE ARTIGOS DE PAPELARIA","TÊXTIL"
"COMERCIO VAREJISTA DE ARTIGOS DE ARMARINHO","COMÉRCIO VAREJISTA DE SUVENIRES, BIJUTERIAS E ARTESANATOS","COMÉRCIO VAREJISTA DE ARTIGOS DO VESTUÁRIO E ACESSÓRIOS","TÊXTIL"
"COMERCIO VAREJISTA DE ARTIGOS DE CAMA, MESA E BANH",,,"DECORAÇÃO, CASA OU MÓVEIS PLANEJADOS"
"COMERCIO VAREJISTA DE ARTIGOS DE CAMA, MESA E BANH","COMÉRCIO VAREJISTA DE OUTROS ARTIGOS DE USO DOMÉST","COMÉRCIO VAREJISTA DE OUTROS PRODUTOS NÃO ESPECIFI","DECORAÇÃO, CASA OU MÓVEIS PLANEJADOS"
"COMERCIO VAREJISTA DE ARTIGOS DE CAMA, MESA E BANHO",,,"DECORAÇÃO, CASA OU MÓVEIS PLANEJADOS"
"COMÉRCIO VAREJISTA DE ARTIGOS DE COLCHOARIA",,,"DECORAÇÃO, CASA OU MÓVEIS PLANEJADOS"
"COMÉRCIO VAREJISTA DE ARTIGOS DE COLCHOARIA",,,"DECORAÇÃO, CASA OU MÓVEIS PLANEJADOS"
"COMÉRCIO VAREJISTA DE ARTIGOS DE COLCHOARIA",,,"DECORAÇÃO, CASA OU MÓVEIS PLANEJADOS"
"COMÉRCIO VAREJISTA DE ARTIGOS DE COLCHOARIA",,,"DECORAÇÃO, CASA OU MÓVEIS PLANEJADOS"
"COMÉRCIO VAREJISTA DE ARTIGOS DE COLCHOARIA",,,"DECORAÇÃO, CASA OU MÓVEIS PLANEJADOS"
"COMÉRCIO VAREJISTA DE ARTIGOS DE COLCHOARIA",,,"DECORAÇÃO, CASA OU MÓVEIS PLANEJADOS"
"COMÉRCIO VAREJISTA DE ARTIGOS DE COLCHOARIA","COMERCIO VAREJISTA DE ARTIGOS DE CAMA, MESA E BANH",,"DECORAÇÃO, CASA OU MÓVEIS PLANEJADOS"
"COMÉRCIO VAREJISTA DE ARTIGOS DE COLCHOARIA","COMÉRCIO VAREJISTA DE MÓVEIS",,"DECORAÇÃO, CASA OU MÓVEIS PLANEJADOS"
"COMÉRCIO VAREJISTA DE ARTIGOS DE DECORAÇÃO PARA FE","ALUGUEL DE OUTROS OBJETOS PESSOAIS E DOMÉSTICOS NÃ","COMÉRCIO VAREJISTA DE OUTROS ARTIGOS DE USO DOMÉST","DECORAÇÃO, CASA OU MÓVEIS PLANEJADOS"
"COMÉRCIO VAREJISTA DE ARTIGOS DE DECORAÇÃO PARA FE","COMÉRCIO VAREJISTA DE OUTROS ARTIGOS DE USO DOMÉST","COMÉRCIO VAREJISTA DE ARTIGOS DE ILUMINAÇÃO","DECORAÇÃO, CASA OU MÓVEIS PLANEJADOS"
"COMÉRCIO VAREJISTA DE ARTIGOS DE TAPEÇARIA, CORTIN",,,"DECORAÇÃO, CASA OU MÓVEIS PLANEJADOS"
"COMÉRCIO VAREJISTA DE ARTIGOS DE TAPEÇARIA, CORTIN","COMÉRCIO VAREJISTA DE ARTIGOS DO VESTUÁRIO E ACESS",,"DECORAÇÃO, CASA OU MÓVEIS PLANEJADOS"
"COMÉRCIO VAREJISTA DE ARTIGOS DE TAPEÇARIA, CORTIN","COMÉRCIO VAREJISTA DE OUTROS ARTIGOS DE USO DOMÉST",,"DECORAÇÃO, CASA OU MÓVEIS PLANEJADOS"
"COMÉRCIO VAREJISTA DE ARTIGOS DE TAPEÇARIA, CORTIN","COMÉRCIO VAREJISTA DE OUTROS ARTIGOS DE USO DOMÉST","COMÉRCIO VAREJISTA DE ARTIGOS DE COLCHOARIA","DECORAÇÃO, CASA OU MÓVEIS PLANEJADOS"
"COMÉRCIO VAREJISTA DE ARTIGOS DE TAPEÇARIA, CORTIN","REPARAÇÃO DE ARTIGOS DO MOBILIÁRIO",,"DECORAÇÃO, CASA OU MÓVEIS PLANEJADOS"
"COMÉRCIO VAREJISTA DE ARTIGOS DE TAPEÇARIA, CORTIN","REPARAÇÃO DE ARTIGOS DO MOBILIÁRIO",,"DECORAÇÃO, CASA OU MÓVEIS PLANEJADOS"
"COMÉRCIO VAREJISTA DE ARTIGOS DE TAPEÇARIA, CORTIN","REPARAÇÃO DE ARTIGOS DO MOBILIÁRIO","COMÉRCIO VAREJISTA DE OUTROS PRODUTOS NÃO ESPECIFI","DECORAÇÃO, CASA OU MÓVEIS PLANEJADOS"
"COMÉRCIO VAREJISTA DE ARTIGOS DE TAPEÇARIA, CORTINAS E PERSIANAS","COMERCIO VAREJISTA DE ARTIGOS DE CAMA, MESA E BANHO","COMÉRCIO VAREJISTA DE MÓVEIS","DECORAÇÃO, CASA OU MÓVEIS PLANEJADOS"
"COMÉRCIO VAREJISTA DE ARTIGOS DE TAPEÇARIA, CORTINAS E PERSIANAS","OUTRAS OBRAS DE ACABAMENTO DA CONSTRUÇÃO",,"DECORAÇÃO, CASA OU MÓVEIS PLANEJADOS"
"COMÉRCIO VAREJISTA DE ARTIGOS DO VESTUÁRIO E ACESS","COMERCIO VAREJISTA DE ARTIGOS DE ARMARINHO","COMÉRCIO VAREJISTA DE BRINQUEDOS E ARTIGOS RECREAT","LOJAS DE CALÇADOS"
"COMÉRCIO VAREJISTA DE ARTIGOS DO VESTUÁRIO E ACESS","COMERCIO VAREJISTA DE ARTIGOS DE ARMARINHO","COMÉRCIO VAREJISTA DE TECIDOS","TÊXTIL"
"COMÉRCIO VAREJISTA DE ARTIGOS DO VESTUÁRIO E ACESS","COMERCIO VAREJISTA DE ARTIGOS DE CAMA, MESA E BANH","COMÉRCIO VAREJISTA DE ARTIGOS ESPORTIVOS","BRECHÓS OU ANTIGUIDADES"
"COMÉRCIO VAREJISTA DE ARTIGOS DO VESTUÁRIO E ACESS","COMÉRCIO VAREJISTA DE ARTIGOS DE PAPELARIA","COMÉRCIO VAREJISTA DE ARTIGOS DE VIAGEM","LOJAS DE CALÇADOS"
"COMÉRCIO VAREJISTA DE ARTIGOS DO VESTUÁRIO E ACESS","COMÉRCIO VAREJISTA DE ARTIGOS DE VIAGEM","COMÉRCIO VAREJISTA DE CALÇADOS","BRECHÓS OU ANTIGUIDADES"
"COMÉRCIO VAREJISTA DE ARTIGOS DO VESTUÁRIO E ACESS","COMÉRCIO VAREJISTA DE CALÇADOS",,"BRECHÓS OU ANTIGUIDADES"
"COMÉRCIO VAREJISTA DE ARTIGOS DO VESTUÁRIO E ACESS","COMÉRCIO VAREJISTA DE CALÇADOS","COMÉRCIO VAREJISTA DE SUVENIRES, BIJUTERIAS E ARTE","TÊXTIL"
"COMÉRCIO VAREJISTA DE ARTIGOS DO VESTUÁRIO E ACESS","COMÉRCIO VAREJISTA DE CALÇADOS","CONFECÇÃO, SOB MEDIDA, DE PEÇAS DO VESTUÁRIO, EXCE","TÊXTIL"
"COMÉRCIO VAREJISTA DE ARTIGOS DO VESTUÁRIO E ACESS","COMÉRCIO VAREJISTA DE MÓVEIS USADOS SOB CONSIGNAÇÃ","COMÉRCIO VAREJISTA DE OUTROS ARTIGOS USADOS","BRECHÓS OU ANTIGUIDADES"
"COMÉRCIO VAREJISTA DE ARTIGOS DO VESTUÁRIO E ACESS","COMÉRCIO VAREJISTA DE MÓVEIS USADOS SOB CONSIGNAÇÃ","COMÉRCIO VAREJISTA DE OUTROS ARTIGOS USADOS","BRECHÓS OU ANTIGUIDADES"
"COMÉRCIO VAREJISTA DE ARTIGOS DO VESTUÁRIO E ACESS","COMÉRCIO VAREJISTA DE OUTROS ARTIGOS USADOS",,"BRECHÓS OU ANTIGUIDADES"
"COMÉRCIO VAREJISTA DE ARTIGOS DO VESTUÁRIO E ACESS","COMÉRCIO VAREJISTA DE OUTROS ARTIGOS USADOS",,"BRECHÓS OU ANTIGUIDADES"
"COMÉRCIO VAREJISTA DE ARTIGOS DO VESTUÁRIO E ACESS","COMÉRCIO VAREJISTA DE SUVENIRES, BIJUTERIAS E ARTE",,"BRECHÓS OU ANTIGUIDADES"
"COMÉRCIO VAREJISTA DE ARTIGOS DO VESTUÁRIO E ACESS","COMÉRCIO VAREJISTA DE TECIDOS",,"TÊXTIL"
"COMÉRCIO VAREJISTA DE ARTIGOS DO VESTUÁRIO E ACESS","COMÉRCIO VAREJISTA DE TECIDOS",,"TÊXTIL"
"COMÉRCIO VAREJISTA DE ARTIGOS DO VESTUÁRIO E ACESS","COMÉRCIO VAREJISTA DE TECIDOS","CONFECÇÃO DE PEÇAS DO VESTUÁRIO, EXCETO ROUPAS ÍNT","TÊXTIL"
"COMÉRCIO VAREJISTA DE ARTIGOS DO VESTUÁRIO E ACESSÓRIOS","COMERCIO VAREJISTA DE ARTIGOS DE ARMARINHO","COMÉRCIO VAREJISTA DE ARTIGOS DE TAPEÇARIA, CORTINAS E PERSIANAS","TÊXTIL"
"COMÉRCIO VAREJISTA DE ARTIGOS DO VESTUÁRIO E ACESSÓRIOS","COMERCIO VAREJISTA DE ARTIGOS DE ARMARINHO","COMÉRCIO VAREJISTA DE BRINQUEDOS E ARTIGOS RECREATIVOS","LOJAS DE CALÇADOS"
"COMÉRCIO VAREJISTA DE ARTIGOS DO VESTUÁRIO E ACESSÓRIOS","COMERCIO VAREJISTA DE ARTIGOS DE CAMA, MESA E BANHO","COMERCIO VAREJISTA DE ARTIGOS DE ARMARINHO","TÊXTIL"
"COMÉRCIO VAREJISTA DE ARTIGOS DO VESTUÁRIO E ACESSÓRIOS","COMERCIO VAREJISTA DE ARTIGOS DE CAMA, MESA E BANHO","COMÉRCIO VAREJISTA DE TECIDOS","TÊXTIL"
"COMÉRCIO VAREJISTA DE ARTIGOS DO VESTUÁRIO E ACESSÓRIOS","COMÉRCIO VAREJISTA DE ARTIGOS DE VIAGEM",,"BRECHÓS OU ANTIGUIDADES"
"COMÉRCIO VAREJISTA DE ARTIGOS DO VESTUÁRIO E ACESSÓRIOS","COMÉRCIO VAREJISTA DE ARTIGOS DE VIAGEM","COMÉRCIO VAREJISTA DE CALÇADOS","BRECHÓS OU ANTIGUIDADES"
"COMÉRCIO VAREJISTA DE ARTIGOS DO VESTUÁRIO E ACESSÓRIOS","COMÉRCIO VAREJISTA DE ARTIGOS DE VIAGEM","COMÉRCIO VAREJISTA DE SUVENIRES, BIJUTERIAS E ARTESANATOS","LOJAS DE CALÇADOS"
"COMÉRCIO VAREJISTA DE ARTIGOS DO VESTUÁRIO E ACESSÓRIOS","COMÉRCIO VAREJISTA DE CALÇADOS",,"LOJAS DE CALÇADOS"
"COMÉRCIO VAREJISTA DE ARTIGOS DO VESTUÁRIO E ACESSÓRIOS","COMÉRCIO VAREJISTA DE OUTROS ARTIGOS USADOS",,"BRECHÓS OU ANTIGUIDADES"
"COMÉRCIO VAREJISTA DE ARTIGOS DO VESTUÁRIO E ACESSÓRIOS","COMÉRCIO VAREJISTA DE OUTROS ARTIGOS USADOS","COMÉRCIO VAREJISTA DE CALÇADOS","BRECHÓS OU ANTIGUIDADES"
"COMÉRCIO VAREJISTA DE ARTIGOS DO VESTUÁRIO E ACESSÓRIOS","COMÉRCIO VAREJISTA DE TECIDOS",,"TÊXTIL"
"COMÉRCIO VAREJISTA DE BEBIDAS",,,"RESTAURANTES ITALIANOS"
"COMÉRCIO VAREJISTA DE BEBIDAS","COMÉRCIO VAREJISTA DE LATICÍNIOS E FRIOS","COMÉRCIO VAREJISTA DE SUVENIRES, BIJUTERIAS E ARTE","RESTAURANTES ITALIANOS"
"COMÉRCIO VAREJISTA DE BEBIDAS","COMÉRCIO VAREJISTA DE MERCADORIAS EM LOJAS DE CONV","COMÉRCIO VAREJISTA DE PRODUTOS ALIMENTÍCIOS EM GER","LANCHONETE"
"COMÉRCIO VAREJISTA DE BEBIDAS","RESTAURANTES E SIMILARES",,"LANCHONETE"
"COMÉRCIO VAREJISTA DE CALÇADOS","COMÉRCIO VAREJISTA DE ARTIGOS DE VIAGEM",,"LOJAS DE CALÇADOS"
"COMÉRCIO VAREJISTA DE CALÇADOS","COMÉRCIO VAREJISTA DE ARTIGOS DO VESTUÁRIO E ACESS",,"LOJAS DE CALÇADOS"
"COMÉRCIO VAREJISTA DE CALÇADOS","COMÉRCIO VAREJISTA DE ARTIGOS ESPORTIVOS","COMÉRCIO VAREJISTA DE ARTIGOS DE VIAGEM","LOJAS DE CALÇADOS"
"COMÉRCIO VAREJISTA DE COSMÉTICOS, PRODUTOS DE PERFUMARIA E DE HIGIENE PESSOAL",,,"LOJAS DE CABELO"
"COMÉRCIO VAREJISTA DE DOCES, BALAS, BOMBONS E SEME","FABRICAÇÃO DE PRODUTOS DE PADARIA E CONFEITARIA CO",,"PANIFICADORA"
"COMÉRCIO VAREJISTA DE DOCES, BALAS, BOMBONS E SEME","LANCHONETES, CASAS DE CHÁ, DE SUCOS E SIMILARES","BARES E OUTROS ESTABELECIMENTOS ESPECIALIZADOS EM","LANCHONETE"
"COMÉRCIO VAREJISTA DE DOCES, BALAS, BOMBONS E SEMELHANTES","LANCHONETES, CASAS DE CHÁ, DE SUCOS E SIMILARES",,"LANCHONETE"
"COMÉRCIO VAREJISTA DE DOCES, BALAS, BOMBONS E SEMELHANTES","LANCHONETES, CASAS DE CHÁ, DE SUCOS E SIMILARES",,"LANCHONETE"
"COMÉRCIO VAREJISTA DE MADEIRA E ARTEFATOS","REPARAÇÃO DE ARTIGOS DO MOBILIÁRIO","SERVIÇOS ESPECIALIZADOS PARA CONSTRUÇÃO NÃO ESPECI","DECORAÇÃO, CASA OU MÓVEIS PLANEJADOS"
"COMÉRCIO VAREJISTA DE MATERIAL ELÉTRICO","ATIVIDADES DE SONORIZAÇÃO E DE ILUMINAÇÃO","DECORAÇÃO DE INTERIORES","DECORAÇÃO, CASA OU MÓVEIS PLANEJADOS"
"COMÉRCIO VAREJISTA DE MATERIAL ELÉTRICO","COMÉRCIO VAREJISTA ESPECIALIZADO DE EQUIPAMENTOS E","REPARAÇÃO E MANUTENÇÃO DE COMPUTADORES E DE EQUIPA","COMÉRCIO/MANUTENÇÃO ELETRÔNICOS"
"COMÉRCIO VAREJISTA DE MÓVEIS USADOS SOB CONSIGNAÇÃ",,,"BRECHÓS OU ANTIGUIDADES"
"COMÉRCIO VAREJISTA DE OBJETOS DE ARTE","ARTES CÊNICAS, ESPETÁCULOS E ATIVIDADES COMPLEMENT","PRODUÇÃO TEATRAL","DECORAÇÃO, CASA OU MÓVEIS PLANEJADOS"
"COMÉRCIO VAREJISTA DE OUTROS ARTIGOS DE USO DOMÉST",,,"DECORAÇÃO, CASA OU MÓVEIS PLANEJADOS"
"COMÉRCIO VAREJISTA DE OUTROS ARTIGOS DE USO DOMÉST","COMÉRCIO ATACADISTA DE EQUIPAMENTOS DE INFORMÁTICA","COMÉRCIO VAREJISTA ESPECIALIZADO DE ELETRODOMÉSTIC","COMÉRCIO/MANUTENÇÃO ELETRÔNICOS"
"COMÉRCIO VAREJISTA DE OUTROS ARTIGOS DE USO DOMÉST","OUTROS REPRESENTANTES COMERCIAIS E AGENTES DO COMÉ","COMERCIO VAREJISTA DE ARTIGOS DE CAMA, MESA E BANH","DECORAÇÃO, CASA OU MÓVEIS PLANEJADOS"
"COMÉRCIO VAREJISTA DE OUTROS ARTIGOS DE USO DOMÉSTICO NÃO ESPECIFICADOS ANTERIORMENTE",,,"BRECHÓS OU ANTIGUIDADES"
"COMÉRCIO VAREJISTA DE OUTROS ARTIGOS USADOS",,,"BRECHÓS OU ANTIGUIDADES"
"COMÉRCIO VAREJISTA DE OUTROS ARTIGOS USADOS","COMÉRCIO VAREJISTA DE ARTIGOS DO VESTUÁRIO E ACESS",,"BRECHÓS OU ANTIGUIDADES"
"COMÉRCIO VAREJISTA DE OUTROS ARTIGOS USADOS","COMÉRCIO VAREJISTA DE MÓVEIS",,"BRECHÓS OU ANTIGUIDADES"
"COMÉRCIO VAREJISTA DE OUTROS ARTIGOS USADOS","COMÉRCIO VAREJISTA DE MÓVEIS",,"BRECHÓS OU ANTIGUIDADES"
"COMÉRCIO VAREJISTA DE OUTROS ARTIGOS USADOS","COMÉRCIO VAREJISTA DE MÓVEIS","COMÉRCIO VAREJISTA ESPECIALIZADO DE ELETRODOMÉSTIC","BRECHÓS OU ANTIGUIDADES"
"COMÉRCIO VAREJISTA DE OUTROS ARTIGOS USADOS","COMÉRCIO VAREJISTA DE SUVENIRES, BIJUTERIAS E ARTESANATOS","COMÉRCIO VAREJISTA DE COSMÉTICOS, PRODUTOS DE PERFUMARIA E DE HIGIENE PESSOAL","BRECHÓS OU ANTIGUIDADES"
"COMÉRCIO VAREJISTA DE OUTROS PRODUTOS NÃO ESPECIFI","COMERCIO VAREJISTA DE ARTIGOS DE CAMA, MESA E BANH","COMÉRCIO VAREJISTA DE ARTIGOS DO VESTUÁRIO E ACESS","RESTAURANTES ITALIANOS"
"COMÉRCIO VAREJISTA DE PLANTAS E FLORES NATURAIS","SERVIÇOS DE ORGANIZAÇÃO DE FEIRAS, CONGRESSOS, EXP","COMÉRCIO VAREJISTA DE PRODUTOS ALIMENTÍCIOS EM GER","DECORAÇÃO, CASA OU MÓVEIS PLANEJADOS"
"COMÉRCIO VAREJISTA DE PRODUTOS ALIMENTÍCIOS EM GER",,,"LANCHONETE"
"COMÉRCIO VAREJISTA DE PRODUTOS ALIMENTÍCIOS EM GER","COMÉRCIO ATACADISTA DE SORVETES",,"LANCHONETE"
"COMÉRCIO VAREJISTA DE PRODUTOS ALIMENTÍCIOS EM GER","FORNECIMENTO DE ALIMENTOS PREPARADOS PREPONDERANTE",,"LANCHONETE"
"COMÉRCIO VAREJISTA DE PRODUTOS ALIMENTÍCIOS EM GER","LANCHONETES, CASAS DE CHÁ, DE SUCOS E SIMILARES",,"LANCHONETE"
"COMÉRCIO VAREJISTA DE PRODUTOS ALIMENTÍCIOS EM GER","LANCHONETES, CASAS DE CHÁ, DE SUCOS E SIMILARES",,"LANCHONETE"
"COMÉRCIO VAREJISTA DE PRODUTOS ALIMENTÍCIOS EM GER","LANCHONETES, CASAS DE CHÁ, DE SUCOS E SIMILARES","RESTAURANTES E SIMILARES","LANCHONETE"
"COMÉRCIO VAREJISTA DE PRODUTOS ALIMENTÍCIOS EM GERAL OU ESPECIALIZADO EM PRODUTOS ALIMENTÍCIOS NÃO ESPECIFICADOS ANTERIORMENTE",,,"LANCHONETE"
"COMÉRCIO VAREJISTA DE PRODUTOS ALIMENTÍCIOS EM GERAL OU ESPECIALIZADO EM PRODUTOS ALIMENTÍCIOS NÃO ESPECIFICADOS ANTERIORMENTE",,,"LANCHONETE"
"COMÉRCIO VAREJISTA DE SORVETES EMBALADOS",,,"LANCHONETE"
"COMÉRCIO VAREJISTA DE SUVENIRES, BIJUTERIAS E ARTE",,,"BRECHÓS OU ANTIGUIDADES"
"COMÉRCIO VAREJISTA DE SUVENIRES, BIJUTERIAS E ARTE","COMÉRCIO VAREJISTA DE ARTIGOS DE DECORAÇÃO PARA FE",,"RESTAURANTES ITALIANOS"
"COMÉRCIO VAREJISTA DE SUVENIRES, BIJUTERIAS E ARTE","OUTRAS ATIVIDADES DE SERVIÇOS PESSOAIS NÃO ESPECIF","RESTAURAÇÃO E CONSERVAÇÃO DE LUGARES E PRÉDIOS HIS","BRECHÓS OU ANTIGUIDADES"
"COMÉRCIO VAREJISTA DE SUVENIRES, BIJUTERIAS E ARTESANATOS","COMÉRCIO VAREJISTA DE MÓVEIS USADOS SOB CONSIGNAÇÃO","COMÉRCIO VAREJISTA DE OBJETOS DE ARTE","BRECHÓS OU ANTIGUIDADES"
"COMÉRCIO VAREJISTA DE TECIDOS",,,"TÊXTIL"
"COMÉRCIO VAREJISTA DE TECIDOS",,,"TÊXTIL"
"COMÉRCIO VAREJISTA DE TECIDOS",,,"TÊXTIL"
"COMÉRCIO VAREJISTA DE TECIDOS",,,"TÊXTIL"
"COMÉRCIO VAREJISTA DE TECIDOS",,,"TÊXTIL"
"COMÉRCIO VAREJISTA DE TECIDOS","COMÉRCIO ATACADISTA DE ARTIGOS DE ARMARINHO","COMERCIO VAREJISTA DE ARTIGOS DE CAMA, MESA E BANH","TÊXTIL"
"COMÉRCIO VAREJISTA DE TECIDOS","COMÉRCIO ATACADISTA DE TECIDOS",,"TÊXTIL"
"COMÉRCIO VAREJISTA DE TECIDOS","COMÉRCIO ATACADISTA DE TECIDOS",,"TÊXTIL"
"COMÉRCIO VAREJISTA DE TECIDOS","COMERCIO VAREJISTA DE ARTIGOS DE ARMARINHO",,"TÊXTIL"
"COMÉRCIO VAREJISTA DE TECIDOS","COMERCIO VAREJISTA DE ARTIGOS DE ARMARINHO",,"TÊXTIL"
"COMÉRCIO VAREJISTA DE TECIDOS","COMERCIO VAREJISTA DE ARTIGOS DE ARMARINHO",,"TÊXTIL"
"COMÉRCIO VAREJISTA DE TECIDOS","COMERCIO VAREJISTA DE ARTIGOS DE ARMARINHO","COMÉRCIO VAREJISTA DE CALÇADOS","TÊXTIL"
"COMÉRCIO VAREJISTA DE TECIDOS","COMERCIO VAREJISTA DE ARTIGOS DE CAMA, MESA E BANH",,"TÊXTIL"
"COMÉRCIO VAREJISTA DE TECIDOS","COMERCIO VAREJISTA DE ARTIGOS DE CAMA, MESA E BANH","COMERCIO VAREJISTA DE ARTIGOS DE ARMARINHO","TÊXTIL"
"COMÉRCIO VAREJISTA DE TECIDOS","COMERCIO VAREJISTA DE ARTIGOS DE CAMA, MESA E BANH","COMERCIO VAREJISTA DE ARTIGOS DE ARMARINHO","TÊXTIL"
"COMÉRCIO VAREJISTA DE TECIDOS","COMERCIO VAREJISTA DE ARTIGOS DE CAMA, MESA E BANHO","COMERCIO VAREJISTA DE ARTIGOS DE ARMARINHO","TÊXTIL"
"COMÉRCIO VAREJISTA DE TECIDOS","COMERCIO VAREJISTA DE ARTIGOS DE CAMA, MESA E BANHO","COMERCIO VAREJISTA DE ARTIGOS DE ARMARINHO","TÊXTIL"
"COMÉRCIO VAREJISTA DE TECIDOS","COMÉRCIO VAREJISTA DE ARTIGOS DE TAPEÇARIA, CORTINAS E PERSIANAS","COMÉRCIO VAREJISTA DE CALÇADOS","TÊXTIL"
"COMÉRCIO VAREJISTA DE TECIDOS","COMÉRCIO VAREJISTA DE ARTIGOS DO VESTUÁRIO E ACESSÓRIOS",,"TÊXTIL"
"COMÉRCIO VAREJISTA ESPECIALIZADO DE ELETRODOMÉSTIC","COMÉRCIO VAREJISTA DE OUTROS ARTIGOS DE USO DOMÉST","COMÉRCIO VAREJISTA DE MÓVEIS","DECORAÇÃO, CASA OU MÓVEIS PLANEJADOS"
"COMÉRCIO VAREJISTA ESPECIALIZADO DE ELETRODOMÉSTIC","COMÉRCIO VAREJISTA ESPECIALIZADO DE EQUIPAMENTOS E",,"COMÉRCIO/MANUTENÇÃO ELETRÔNICOS"
"COMÉRCIO VAREJISTA ESPECIALIZADO DE ELETRODOMÉSTICOS E EQUIPAMENTOS DE ÁUDIO E VÍDEO","REPARAÇÃO E MANUTENÇÃO DE EQUIPAMENTOS ELETROELETRÔNICOS DE USO PESSOAL E DOMÉSTICO",,"COMÉRCIO/MANUTENÇÃO ELETRÔNICOS"
"COMÉRCIO VAREJISTA ESPECIALIZADO DE EQUIPAMENTOS D","COMÉRCIO VAREJISTA ESPECIALIZADO DE EQUIPAMENTOS E","COMÉRCIO VAREJISTA DE BRINQUEDOS E ARTIGOS RECREAT","COMÉRCIO/MANUTENÇÃO ELETRÔNICOS"
"COMÉRCIO VAREJISTA ESPECIALIZADO DE EQUIPAMENTOS D","COMÉRCIO VAREJISTA ESPECIALIZADO DE EQUIPAMENTOS E","COMÉRCIO VAREJISTA ESPECIALIZADO DE ELETRODOMÉSTIC","COMÉRCIO/MANUTENÇÃO ELETRÔNICOS"
"COMÉRCIO VAREJISTA ESPECIALIZADO DE EQUIPAMENTOS D","COMÉRCIO VAREJISTA ESPECIALIZADO DE EQUIPAMENTOS E","COMÉRCIO VAREJISTA ESPECIALIZADO DE ELETRODOMÉSTIC","COMÉRCIO/MANUTENÇÃO ELETRÔNICOS"
"COMÉRCIO VAREJISTA ESPECIALIZADO DE EQUIPAMENTOS D","COMÉRCIO VAREJISTA ESPECIALIZADO DE EQUIPAMENTOS E","REPARAÇÃO E MANUTENÇÃO DE EQUIPAMENTOS ELETROELETR","COMÉRCIO/MANUTENÇÃO ELETRÔNICOS"
"COMÉRCIO VAREJISTA ESPECIALIZADO DE EQUIPAMENTOS E SUPRIMENTOS DE INFORMÁTICA","COMÉRCIO VAREJISTA DE OUTROS ARTIGOS DE USO DOMÉSTICO NÃO ESPECIFICADOS ANTERIORMENTE","COMÉRCIO VAREJISTA DE ARTIGOS DE ILUMINAÇÃO","COMÉRCIO/MANUTENÇÃO ELETRÔNICOS"
"COMÉRCIO VAREJISTA ESPECIALIZADO DE EQUIPAMENTOS E SUPRIMENTOS DE INFORMÁTICA","REPARAÇÃO E MANUTENÇÃO DE COMPUTADORES E DE EQUIPAMENTOS PERIFÉRICOS",,"COMÉRCIO/MANUTENÇÃO ELETRÔNICOS"
"COMÉRCIO VAREJISTA ESPECIALIZADO DE EQUIPAMENTOS E","COMÉRCIO VAREJISTA DE OUTROS ARTIGOS DE USO DOMÉST","COMÉRCIO VAREJISTA DE ARTIGOS DE ILUMINAÇÃO","COMÉRCIO/MANUTENÇÃO ELETRÔNICOS"
"COMÉRCIO VAREJISTA ESPECIALIZADO DE EQUIPAMENTOS E","COMÉRCIO VAREJISTA DE OUTROS ARTIGOS DE USO DOMÉST","COMÉRCIO VAREJISTA ESPECIALIZADO DE ELETRODOMÉSTIC","COMÉRCIO/MANUTENÇÃO ELETRÔNICOS"
"COMÉRCIO VAREJISTA ESPECIALIZADO DE EQUIPAMENTOS E","REPARAÇÃO E MANUTENÇÃO DE COMPUTADORES E DE EQUIPA",,"COMÉRCIO/MANUTENÇÃO ELETRÔNICOS"
"COMÉRCIO VAREJISTA ESPECIALIZADO DE EQUIPAMENTOS E","REPARAÇÃO E MANUTENÇÃO DE COMPUTADORES E DE EQUIPA","COMÉRCIO ATACADISTA DE SUPRIMENTOS PARA INFORMÁTIC","COMÉRCIO/MANUTENÇÃO ELETRÔNICOS"
"COMÉRCIO VAREJISTA ESPECIALIZADO DE EQUIPAMENTOS E","REPARAÇÃO E MANUTENÇÃO DE COMPUTADORES E DE EQUIPA","COMÉRCIO VAREJISTA ESPECIALIZADO DE ELETRODOMÉSTIC","COMÉRCIO/MANUTENÇÃO ELETRÔNICOS"
"COMÉRCIO VAREJISTA ESPECIALIZADO DE EQUIPAMENTOS E","REPARAÇÃO E MANUTENÇÃO DE COMPUTADORES E DE EQUIPA","REPARAÇÃO E MANUTENÇÃO DE EQUIPAMENTOS ELETROELETR","COMÉRCIO/MANUTENÇÃO ELETRÔNICOS"
"COMÉRCIO VAREJISTA ESPECIALIZADO DE EQUIPAMENTOS E","REPARAÇÃO E MANUTENÇÃO DE EQUIPAMENTOS ELETROELETR","COMÉRCIO VAREJISTA DE OUTROS ARTIGOS DE USO DOMÉST","COMÉRCIO/MANUTENÇÃO ELETRÔNICOS"
"COMÉRCIO VAREJISTA ESPECIALIZADO DE PEÇAS E ACESSÓ","COMÉRCIO VAREJISTA ESPECIALIZADO DE EQUIPAMENTOS E","COMÉRCIO VAREJISTA DE BRINQUEDOS E ARTIGOS RECREAT","COMÉRCIO/MANUTENÇÃO ELETRÔNICOS"
"COMÉRCIO VAREJISTA ESPECIALIZADO DE PEÇAS E ACESSÓ","COMÉRCIO VAREJISTA ESPECIALIZADO DE EQUIPAMENTOS E","COMÉRCIO VAREJISTA DE OUTROS PRODUTOS NÃO ESPECIFI","COMÉRCIO/MANUTENÇÃO ELETRÔNICOS"
"COMÉRCIO VAREJISTA ESPECIALIZADO DE PEÇAS E ACESSÓ","COMÉRCIO VAREJISTA ESPECIALIZADO DE EQUIPAMENTOS E","REPARAÇÃO E MANUTENÇÃO DE EQUIPAMENTOS DE COMUNICA","COMÉRCIO/MANUTENÇÃO ELETRÔNICOS"
"COMÉRCIO VAREJISTA ESPECIALIZADO DE PEÇAS E ACESSÓ","COMÉRCIO VAREJISTA ESPECIALIZADO DE EQUIPAMENTOS E","REPARAÇÃO E MANUTENÇÃO DE EQUIPAMENTOS ELETROELETR","COMÉRCIO/MANUTENÇÃO ELETRÔNICOS"
"COMÉRCIO VAREJISTA ESPECIALIZADO DE PEÇAS E ACESSÓ","REPARAÇÃO E MANUTENÇÃO DE EQUIPAMENTOS ELETROELETR",,"COMÉRCIO/MANUTENÇÃO ELETRÔNICOS"
"COMÉRCIO VAREJISTA ESPECIALIZADO DE PEÇAS E ACESSÓRIOS PARA APARELHOS ELETROELETRÔNICOS PARA USO DOMÉSTICO, EXCETO INFORMÁTICA E COMUNICAÇÃO","COMÉRCIO VAREJISTA ESPECIALIZADO DE EQUIPAMENTOS E SUPRIMENTOS DE INFORMÁTICA",,"COMÉRCIO/MANUTENÇÃO ELETRÔNICOS"
"COMÉRCIO VAREJISTA ESPECIALIZADO DE PEÇAS E ACESSÓRIOS PARA APARELHOS ELETROELETRÔNICOS PARA USO DOMÉSTICO, EXCETO INFORMÁTICA E COMUNICAÇÃO","COMÉRCIO VAREJISTA ESPECIALIZADO DE EQUIPAMENTOS E SUPRIMENTOS DE INFORMÁTICA","REPARAÇÃO E MANUTENÇÃO DE COMPUTADORES E DE EQUIPAMENTOS PERIFÉRICOS","COMÉRCIO/MANUTENÇÃO ELETRÔNICOS"
"COMÉRCIO VAREJISTA ESPECIALIZADO DE PEÇAS E ACESSÓRIOS PARA APARELHOS ELETROELETRÔNICOS PARA USO DOMÉSTICO, EXCETO INFORMÁTICA E COMUNICAÇÃO","COMÉRCIO VAREJISTA ESPECIALIZADO DE EQUIPAMENTOS E SUPRIMENTOS DE INFORMÁTICA","REPARAÇÃO E MANUTENÇÃO DE EQUIPAMENTOS ELETROELETRÔNICOS DE USO PESSOAL E DOMÉSTICO","COMÉRCIO/MANUTENÇÃO ELETRÔNICOS"
"COMÉRCIO VAREJISTA ESPECIALIZADO DE PEÇAS E ACESSÓRIOS PARA APARELHOS ELETROELETRÔNICOS PARA USO DOMÉSTICO, EXCETO INFORMÁTICA E COMUNICAÇÃO","REPARAÇÃO E MANUTENÇÃO DE EQUIPAMENTOS ELETROELETRÔNICOS DE USO PESSOAL E DOMÉSTICO",,"COMÉRCIO/MANUTENÇÃO ELETRÔNICOS"
"COMÉRCIO VAREJISTA ESPECIALIZADO DE PEÇAS E ACESSÓRIOS PARA APARELHOS ELETROELETRÔNICOS PARA USO DOMÉSTICO, EXCETO INFORMÁTICA E COMUNICAÇÃO","REPARAÇÃO E MANUTENÇÃO DE EQUIPAMENTOS ELETROELETRÔNICOS DE USO PESSOAL E DOMÉSTICO","COMÉRCIO VAREJISTA ESPECIALIZADO DE ELETRODOMÉSTICOS E EQUIPAMENTOS DE ÁUDIO E VÍDEO","COMÉRCIO/MANUTENÇÃO ELETRÔNICOS"
"CONFECÇÃO DE PEÇAS DO VESTUÁRIO, EXCETO ROUPAS ÍNTIMAS E AS CONFECCIONADAS SOB MEDIDA","ENSINO DE ARTE E CULTURA NÃO ESPECIFICADO ANTERIORMENTE","OUTRAS ATIVIDADES DE ENSINO NÃO ESPECIFICADAS ANTERIORMENTE","TÊXTIL"
"DISCOTECAS, DANCETERIAS, SALÕES DE DANÇA E SIMILARES","LANCHONETES, CASAS DE CHÁ, DE SUCOS E SIMILARES","BARES E OUTROS ESTABELECIMENTOS ESPECIALIZADOS EM SERVIR BEBIDAS","ENTRETENIMENTO"
"EXPLORAÇÃO DE JOGOS DE SINUCA, BILHAR E SIMILARES","LANCHONETES, CASAS DE CHÁ, DE SUCOS E SIMILARES","BARES E OUTROS ESTABELECIMENTOS ESPECIALIZADOS EM","ENTRETENIMENTO"
"FABRICAÇÃO DE ARTIGOS DO VESTUÁRIO, PRODUZIDOS EM","COMÉRCIO ATACADISTA DE TECIDOS","COMÉRCIO VAREJISTA DE TECIDOS","TÊXTIL"
"FABRICAÇÃO DE CERVEJAS E CHOPES","BARES E OUTROS ESTABELECIMENTOS ESPECIALIZADOS EM",,"BAR"
"FABRICAÇÃO DE MASSAS ALIMENTÍCIAS","COMÉRCIO VAREJISTA DE PRODUTOS ALIMENTÍCIOS EM GERAL OU ESPECIALIZADO EM PRODUTOS ALIMENTÍCIOS NÃO ESPECIFICADOS ANTERIORMENTE","COMÉRCIO VAREJISTA DE BEBIDAS","RESTAURANTE"
"FABRICAÇÃO DE MÓVEIS DE OUTROS MATERIAIS, EXCETO MADEIRA E METAL","SERVIÇOS DE CONFECÇÕES DE ARTESANATOS","COMÉRCIO VAREJISTA DE OUTROS ARTIGOS DE USO DOMÉSTICO NÃO ESPECIFICADOS ANTERIORMENTE","DECORAÇÃO, CASA OU MÓVEIS PLANEJADOS"
"FABRICAÇÃO DE PRODUTOS DE PADARIA E CONFEITARIA CO",,,"PANIFICADORA"
"FABRICAÇÃO DE PRODUTOS DE PADARIA E CONFEITARIA CO","LANCHONETES, CASAS DE CHÁ, DE SUCOS E SIMILARES","COMÉRCIO VAREJISTA DE MERCADORIAS EM GERAL, COM PR","TÊXTIL"
"FABRICAÇÃO DE PRODUTOS DE PADARIA E CONFEITARIA CO","LANCHONETES, CASAS DE CHÁ, DE SUCOS E SIMILARES","RESTAURANTES E SIMILARES","RESTAURANTES ITALIANOS"
"FABRICAÇÃO DE PRODUTOS DE PADARIA E CONFEITARIA CO","PADARIA E CONFEITARIA COM PREDOMINÂNCIA DE REVENDA",,"PANIFICADORA"
"FABRICAÇÃO DE PRODUTOS DE PADARIA E CONFEITARIA COM PREDOMINÂNCIA DE PRODUÇÃO PRÓPRIA","FABRICAÇÃO DE PRODUTOS DE PANIFICAÇÃO INDUSTRIAL","LANCHONETES, CASAS DE CHÁ, DE SUCOS E SIMILARES","PANIFICADORA"
"FABRICAÇÃO DE PRODUTOS DE PADARIA E CONFEITARIA COM PREDOMINÂNCIA DE PRODUÇÃO PRÓPRIA","LANCHONETES, CASAS DE CHÁ, DE SUCOS E SIMILARES","BARES E OUTROS ESTABELECIMENTOS ESPECIALIZADOS EM SERVIR BEBIDAS","BAR"
"FABRICAÇÃO DE PRODUTOS DE PANIFICAÇÃO INDUSTRIAL","LANCHONETES, CASAS DE CHÁ, DE SUCOS E SIMILARES","COMÉRCIO VAREJISTA DE PRODUTOS ALIMENTÍCIOS EM GER","PANIFICADORA"
"FABRICAÇÃO DE PRODUTOS DIVERSOS NÃO ESPECIFICADOS ANTERIORMENTE","COMÉRCIO VAREJISTA DE SUVENIRES, BIJUTERIAS E ARTESANATOS","FABRICAÇÃO DE BIJUTERIAS E ARTEFATOS SEMELHANTES","TÊXTIL"
"FABRICAÇÃO DE SORVETES E OUTROS GELADOS COMESTÍVEI","LANCHONETES, CASAS DE CHÁ, DE SUCOS E SIMILARES",,"LANCHONETE"
"INSTALAÇÃO DE MÁQUINAS E EQUIPAMENTOS INDUSTRIAIS","ATIVIDADES DE INTERMEDIAÇÃO E AGENCIAMENTO DE SERVIÇOS E NEGÓCIOS EM GERAL, EXCETO IMOBILIÁRIOS","SUPORTE TÉCNICO, MANUTENÇÃO E OUTROS SERVIÇOS EM TECNOLOGIA DA INFORMAÇÃO","COMÉRCIO/MANUTENÇÃO ELETRÔNICOS"
"INSTALAÇÃO E MANUTENÇÃO ELÉTRICA","ATIVIDADES DE MONITORAMENTO DE SISTEMAS DE SEGURAN","COMÉRCIO VAREJISTA DE MATERIAL ELÉTRICO","COMÉRCIO/MANUTENÇÃO ELETRÔNICOS"
"LANCHONETES, CASAS DE CHÁ, DE SUCOS E SIMILARES",,,"LANCHONETE"
"LANCHONETES, CASAS DE CHÁ, DE SUCOS E SIMILARES",,,"LANCHONETE"
"LANCHONETES, CASAS DE CHÁ, DE SUCOS E SIMILARES",,,"LANCHONETE"
"LANCHONETES, CASAS DE CHÁ, DE SUCOS E SIMILARES",,,"LANCHONETE"
"LANCHONETES, CASAS DE CHÁ, DE SUCOS E SIMILARES",,,"LANCHONETE"
"LANCHONETES, CASAS DE CHÁ, DE SUCOS E SIMILARES",,,"LANCHONETE"
"LANCHONETES, CASAS DE CHÁ, DE SUCOS E SIMILARES",,,"LANCHONETE"
"LANCHONETES, CASAS DE CHÁ, DE SUCOS E SIMILARES",,,"LANCHONETE"
"LANCHONETES, CASAS DE CHÁ, DE SUCOS E SIMILARES",,,"LANCHONETE"
"LANCHONETES, CASAS DE CHÁ, DE SUCOS E SIMILARES",,,"LANCHONETE"
"LANCHONETES, CASAS DE CHÁ, DE SUCOS E SIMILARES",,,"LANCHONETE"
"LANCHONETES, CASAS DE CHÁ, DE SUCOS E SIMILARES",,,"LANCHONETE"
"LANCHONETES, CASAS DE CHÁ, DE SUCOS E SIMILARES",,,"LANCHONETE"
"LANCHONETES, CASAS DE CHÁ, DE SUCOS E SIMILARES",,,"LANCHONETE"
"LANCHONETES, CASAS DE CHÁ, DE SUCOS E SIMILARES",,,"LANCHONETE"
"LANCHONETES, CASAS DE CHÁ, DE SUCOS E SIMILARES",,,"LANCHONETE"
"LANCHONETES, CASAS DE CHÁ, DE SUCOS E SIMILARES",,,"LANCHONETE"
"LANCHONETES, CASAS DE CHÁ, DE SUCOS E SIMILARES",,,"LANCHONETE"
"LANCHONETES, CASAS DE CHÁ, DE SUCOS E SIMILARES",,,"LANCHONETE"
"LANCHONETES, CASAS DE CHÁ, DE SUCOS E SIMILARES",,,"LANCHONETE"
"LANCHONETES, CASAS DE CHÁ, DE SUCOS E SIMILARES",,,"LANCHONETE"
"LANCHONETES, CASAS DE CHÁ, DE SUCOS E SIMILARES",,,"LANCHONETE"
"LANCHONETES, CASAS DE CHÁ, DE SUCOS E SIMILARES",,,"LANCHONETE"
"LANCHONETES, CASAS DE CHÁ, DE SUCOS E SIMILARES",,,"LANCHONETE"
"LANCHONETES, CASAS DE CHÁ, DE SUCOS E SIMILARES",,,"LANCHONETE"
"LANCHONETES, CASAS DE CHÁ, DE SUCOS E SIMILARES",,,"LANCHONETE"
"LANCHONETES, CASAS DE CHÁ, DE SUCOS E SIMILARES",,,"LANCHONETE"
"LANCHONETES, CASAS DE CHÁ, DE SUCOS E SIMILARES",,,"LANCHONETE"
"LANCHONETES, CASAS DE CHÁ, DE SUCOS E SIMILARES",,,"LANCHONETE"
"LANCHONETES, CASAS DE CHÁ, DE SUCOS E SIMILARES",,,"LANCHONETE"
"LANCHONETES, CASAS DE CHÁ, DE SUCOS E SIMILARES",,,"LANCHONETE"
"LANCHONETES, CASAS DE CHÁ, DE SUCOS E SIMILARES",,,"LANCHONETE"
"LANCHONETES, CASAS DE CHÁ, DE SUCOS E SIMILARES",,,"LANCHONETE"
"LANCHONETES, CASAS DE CHÁ, DE SUCOS E SIMILARES",,,"LANCHONETE"
"LANCHONETES, CASAS DE CHÁ, DE SUCOS E SIMILARES",,,"LANCHONETE"
"LANCHONETES, CASAS DE CHÁ, DE SUCOS E SIMILARES",,,"LANCHONETE"
"LANCHONETES, CASAS DE CHÁ, DE SUCOS E SIMILARES",,,"LANCHONETE"
"LANCHONETES, CASAS DE CHÁ, DE SUCOS E SIMILARES",,,"LANCHONETE"
"LANCHONETES, CASAS DE CHÁ, DE SUCOS E SIMILARES",,,"LANCHONETE"
"LANCHONETES, CASAS DE CHÁ, DE SUCOS E SIMILARES",,,"LANCHONETE"
"LANCHONETES, CASAS DE CHÁ, DE SUCOS E SIMILARES",,,"LANCHONETE"
"LANCHONETES, CASAS DE CHÁ, DE SUCOS E SIMILARES",,,"LANCHONETE"
"LANCHONETES, CASAS DE CHÁ, DE SUCOS E SIMILARES",,,"LANCHONETE"
"LANCHONETES, CASAS DE CHÁ, DE SUCOS E SIMILARES","ATIVIDADES DE CONSULTORIA EM GESTÃO EMPRESARIAL, E","RESTAURANTES E SIMILARES","LANCHONETE"
"LANCHONETES, CASAS DE CHÁ, DE SUCOS E SIMILARES","BARES E OUTROS ESTABELECIMENTOS ESPECIALIZADOS EM SERVIR BEBIDAS",,"LANCHONETE"
"LANCHONETES, CASAS DE CHÁ, DE SUCOS E SIMILARES","BARES E OUTROS ESTABELECIMENTOS ESPECIALIZADOS EM SERVIR BEBIDAS","COMÉRCIO VAREJISTA DE BEBIDAS","LANCHONETE"
"LANCHONETES, CASAS DE CHÁ, DE SUCOS E SIMILARES","BARES E OUTROS ESTABELECIMENTOS ESPECIALIZADOS EM",,"LANCHONETE"
"LANCHONETES, CASAS DE CHÁ, DE SUCOS E SIMILARES","BARES E OUTROS ESTABELECIMENTOS ESPECIALIZADOS EM",,"LANCHONETE"
"LANCHONETES, CASAS DE CHÁ, DE SUCOS E SIMILARES","BARES E OUTROS ESTABELECIMENTOS ESPECIALIZADOS EM",,"LANCHONETE"
"LANCHONETES, CASAS DE CHÁ, DE SUCOS E SIMILARES","BARES E OUTROS ESTABELECIMENTOS ESPECIALIZADOS EM",,"LANCHONETE"
"LANCHONETES, CASAS DE CHÁ, DE SUCOS E SIMILARES","BARES E OUTROS ESTABELECIMENTOS ESPECIALIZADOS EM",,"LANCHONETE"
"LANCHONETES, CASAS DE CHÁ, DE SUCOS E SIMILARES","BARES E OUTROS ESTABELECIMENTOS ESPECIALIZADOS EM",,"LANCHONETE"
"LANCHONETES, CASAS DE CHÁ, DE SUCOS E SIMILARES","BARES E OUTROS ESTABELECIMENTOS ESPECIALIZADOS EM",,"LANCHONETE"
"LANCHONETES, CASAS DE CHÁ, DE SUCOS E SIMILARES","BARES E OUTROS ESTABELECIMENTOS ESPECIALIZADOS EM",,"LANCHONETE"
"LANCHONETES, CASAS DE CHÁ, DE SUCOS E SIMILARES","BARES E OUTROS ESTABELECIMENTOS ESPECIALIZADOS EM","COMÉRCIO VAREJISTA DE ANIMAIS VIVOS E DE ARTIGOS E","LANCHONETE"
"LANCHONETES, CASAS DE CHÁ, DE SUCOS E SIMILARES","BARES E OUTROS ESTABELECIMENTOS ESPECIALIZADOS EM","COMÉRCIO VAREJISTA DE BEBIDAS","LANCHONETE"
"LANCHONETES, CASAS DE CHÁ, DE SUCOS E SIMILARES","BARES E OUTROS ESTABELECIMENTOS ESPECIALIZADOS EM","COMÉRCIO VAREJISTA DE PRODUTOS ALIMENTÍCIOS EM GER","LANCHONETE"
"LANCHONETES, CASAS DE CHÁ, DE SUCOS E SIMILARES","BARES E OUTROS ESTABELECIMENTOS ESPECIALIZADOS EM","COMÉRCIO VAREJISTA DE PRODUTOS ALIMENTÍCIOS EM GER","LANCHONETE"
"LANCHONETES, CASAS DE CHÁ, DE SUCOS E SIMILARES","BARES E OUTROS ESTABELECIMENTOS ESPECIALIZADOS EM","COMÉRCIO VAREJISTA DE PRODUTOS ALIMENTÍCIOS EM GER","LANCHONETE"
"LANCHONETES, CASAS DE CHÁ, DE SUCOS E SIMILARES","BARES E OUTROS ESTABELECIMENTOS ESPECIALIZADOS EM","RESTAURANTES E SIMILARES","LANCHONETE"
"LANCHONETES, CASAS DE CHÁ, DE SUCOS E SIMILARES","BARES E OUTROS ESTABELECIMENTOS ESPECIALIZADOS EM","TABACARIA","LANCHONETE"
"LANCHONETES, CASAS DE CHÁ, DE SUCOS E SIMILARES","BARES E OUTROS ESTABELECIMENTOS ESPECIALIZADOS EM","TABACARIA","LANCHONETE"
"LANCHONETES, CASAS DE CHÁ, DE SUCOS E SIMILARES","COMÉRCIO VAREJISTA DE ARTIGOS DO VESTUÁRIO E ACESS",,"LANCHONETE"
"LANCHONETES, CASAS DE CHÁ, DE SUCOS E SIMILARES","COMÉRCIO VAREJISTA DE BEBIDAS",,"LANCHONETE"
"LANCHONETES, CASAS DE CHÁ, DE SUCOS E SIMILARES","COMÉRCIO VAREJISTA DE BEBIDAS",,"LANCHONETE"
"LANCHONETES, CASAS DE CHÁ, DE SUCOS E SIMILARES","COMÉRCIO VAREJISTA DE DOCES, BALAS, BOMBONS E SEME",,"LANCHONETE"
"LANCHONETES, CASAS DE CHÁ, DE SUCOS E SIMILARES","COMÉRCIO VAREJISTA DE MERCADORIAS EM LOJAS DE CONV","RESTAURANTES E SIMILARES","LANCHONETE"
"LANCHONETES, CASAS DE CHÁ, DE SUCOS E SIMILARES","COMÉRCIO VAREJISTA DE PRODUTOS ALIMENTÍCIOS EM GER",,"LANCHONETE"
"LANCHONETES, CASAS DE CHÁ, DE SUCOS E SIMILARES","COMÉRCIO VAREJISTA DE SORVETES EMBALADOS","COMÉRCIO VAREJISTA DE OBJETOS DE ARTE","LANCHONETE"
"LANCHONETES, CASAS DE CHÁ, DE SUCOS E SIMILARES","EXPLORAÇÃO DE JOGOS DE SINUCA, BILHAR E SIMILARES","BARES E OUTROS ESTABELECIMENTOS ESPECIALIZADOS EM SERVIR BEBIDAS","LANCHONETE"
"LANCHONETES, CASAS DE CHÁ, DE SUCOS E SIMILARES","FABRICAÇÃO DE PRODUTOS DE PADARIA E CONFEITARIA CO","COMÉRCIO VAREJISTA DE PRODUTOS ALIMENTÍCIOS EM GER","LANCHONETE"
"LANCHONETES, CASAS DE CHÁ, DE SUCOS E SIMILARES","FABRICAÇÃO DE PRODUTOS DE PADARIA E CONFEITARIA CO","COMÉRCIO VAREJISTA DE PRODUTOS ALIMENTÍCIOS EM GER","LANCHONETE"
"LANCHONETES, CASAS DE CHÁ, DE SUCOS E SIMILARES","FABRICAÇÃO DE SORVETES E OUTROS GELADOS COMESTÍVEI",,"LANCHONETE"
"LANCHONETES, CASAS DE CHÁ, DE SUCOS E SIMILARES","FORNECIMENTO DE ALIMENTOS PREPARADOS PREPONDERANTE","COMÉRCIO VAREJISTA DE PRODUTOS ALIMENTÍCIOS EM GER","LANCHONETE"
"LANCHONETES, CASAS DE CHÁ, DE SUCOS E SIMILARES","FORNECIMENTO DE ALIMENTOS PREPARADOS PREPONDERANTE","FABRICAÇÃO DE SUCOS DE FRUTAS, HORTALIÇAS E LEGUME","LANCHONETE"
"LANCHONETES, CASAS DE CHÁ, DE SUCOS E SIMILARES","FORNECIMENTO DE ALIMENTOS PREPARADOS PREPONDERANTE","SERVIÇOS DE ALIMENTAÇÃO PARA EVENTOS E RECEPÇÕES -","LANCHONETE"
"LANCHONETES, CASAS DE CHÁ, DE SUCOS E SIMILARES","OUTRAS ATIVIDADES DE SERVIÇOS PRESTADOS PRINCIPALMENTE ÀS EMPRESAS NÃO ESPECIFICADAS ANTERIORMENTE","RESTAURANTES E SIMILARES","LANCHONETE"
"LANCHONETES, CASAS DE CHÁ, DE SUCOS E SIMILARES","PADARIA E CONFEITARIA COM PREDOMINÂNCIA DE REVENDA",,"LANCHONETE"
"LANCHONETES, CASAS DE CHÁ, DE SUCOS E SIMILARES","RESTAURANTES E SIMILARES",,"LANCHONETE"
"LANCHONETES, CASAS DE CHÁ, DE SUCOS E SIMILARES","RESTAURANTES E SIMILARES",,"LANCHONETE"
"LANCHONETES, CASAS DE CHÁ, DE SUCOS E SIMILARES","RESTAURANTES E SIMILARES",,"LANCHONETE"
"LANCHONETES, CASAS DE CHÁ, DE SUCOS E SIMILARES","RESTAURANTES E SIMILARES",,"LANCHONETE"
"LANCHONETES, CASAS DE CHÁ, DE SUCOS E SIMILARES","RESTAURANTES E SIMILARES","COMÉRCIO VAREJISTA DE PRODUTOS ALIMENTÍCIOS EM GER","LANCHONETE"
"LANCHONETES, CASAS DE CHÁ, DE SUCOS E SIMILARES","RESTAURANTES E SIMILARES","COMÉRCIO VAREJISTA DE PRODUTOS ALIMENTÍCIOS EM GER","LANCHONETE"
"LANCHONETES, CASAS DE CHÁ, DE SUCOS E SIMILARES","RESTAURANTES E SIMILARES","COMÉRCIO VAREJISTA DE PRODUTOS ALIMENTÍCIOS EM GER","LANCHONETE"
"LOCAÇÃO DE AUTOMÓVEIS SEM CONDUTOR",,,"MOTOS E AUTOMOTIVOS"
"LOCAÇÃO DE AUTOMÓVEIS SEM CONDUTOR","COMÉRCIO SOB CONSIGNAÇÃO DE VEÍCULOS AUTOMOTORES","COMÉRCIO A VAREJO DE AUTOMÓVEIS, CAMIONETAS E UTIL","MOTOS E AUTOMOTIVOS"
"MANUTENÇÃO E REPARAÇÃO DE MÁQUINAS PARA A INDÚSTRIA METALÚRGICA, EXCETO MÁQUINAS-FERRAMENTA","COMÉRCIO VAREJISTA DE MATERIAL ELÉTRICO",,"COMÉRCIO/MANUTENÇÃO ELETRÔNICOS"
"PADARIA E CONFEITARIA COM PREDOMINÂNCIA DE REVENDA","FABRICAÇÃO DE PRODUTOS DE PADARIA E CONFEITARIA CO","SERVIÇOS DE ALIMENTAÇÃO PARA EVENTOS E RECEPÇÕES -","PANIFICADORA"
"PADARIA E CONFEITARIA COM PREDOMINÂNCIA DE REVENDA","FABRICAÇÃO DE PRODUTOS DE PADARIA E CONFEITARIA COM PREDOMINÂNCIA DE PRODUÇÃO PRÓPRIA","LANCHONETES, CASAS DE CHÁ, DE SUCOS E SIMILARES","PANIFICADORA"
"PADARIA E CONFEITARIA COM PREDOMINÂNCIA DE REVENDA","LANCHONETES, CASAS DE CHÁ, DE SUCOS E SIMILARES","COMÉRCIO VAREJISTA DE PRODUTOS ALIMENTÍCIOS EM GER","PANIFICADORA"
"PADARIA E CONFEITARIA COM PREDOMINÂNCIA DE REVENDA","LANCHONETES, CASAS DE CHÁ, DE SUCOS E SIMILARES","RESTAURANTES E SIMILARES","PANIFICADORA"
"PIZZARIA",,,"RESTAURANTE"
"PIZZARIA",,,"RESTAURANTE"
"PIZZARIA",,,"RESTAURANTE"
"PIZZARIA",,,"RESTAURANTE"
"PIZZARIA",,,"RESTAURANTE"
"PIZZARIA",,,"RESTAURANTE"
"PIZZARIA","FABRICAÇÃO DE PRODUTOS DE PADARIA E CONFEITARIA CO","LANCHONETES, CASAS DE CHÁ, DE SUCOS E SIMILARES","RESTAURANTE"
"PIZZARIA","FORNECIMENTO DE ALIMENTOS PREPARADOS PREPONDERANTE",,"RESTAURANTE"
"PIZZARIA","FORNECIMENTO DE ALIMENTOS PREPARADOS PREPONDERANTEMENTE PARA CONSUMO DOMICILIAR","RESTAURANTES E SIMILARES","RESTAURANTE"
"PIZZARIA","LANCHONETES, CASAS DE CHÁ, DE SUCOS E SIMILARES",,"RESTAURANTE"
"PIZZARIA","LANCHONETES, CASAS DE CHÁ, DE SUCOS E SIMILARES","BARES E OUTROS ESTABELECIMENTOS ESPECIALIZADOS EM","RESTAURANTE"
"PIZZARIA","LANCHONETES, CASAS DE CHÁ, DE SUCOS E SIMILARES","SERVIÇOS DE ENTREGA RÁPIDA","RESTAURANTE"
"PIZZARIA","RESTAURANTES E SIMILARES","COMÉRCIO VAREJISTA DE MERCADORIAS EM GERAL, COM PREDOMINÂNCIA DE PRODUTOS ALIMENTÍCIOS - MINIMERCADOS, MERCEARIAS E ARMAZÉNS","RESTAURANTE"
"RESTAURANTES E SIMILARES",,,"RESTAURANTE"
"RESTAURANTES E SIMILARES",,,"RESTAURANTE"
"RESTAURANTES E SIMILARES",,,"RESTAURANTE"
"RESTAURANTES E SIMILARES",,,"RESTAURANTE"
"RESTAURANTES E SIMILARES",,,"RESTAURANTE"
"RESTAURANTES E SIMILARES",,,"RESTAURANTE"
"RESTAURANTES E SIMILARES",,,"RESTAURANTE"
"RESTAURANTES E SIMILARES",,,"RESTAURANTE"
"RESTAURANTES E SIMILARES",,,"RESTAURANTE"
"RESTAURANTES E SIMILARES",,,"RESTAURANTE"
"RESTAURANTES E SIMILARES",,,"RESTAURANTE"
"RESTAURANTES E SIMILARES",,,"RESTAURANTE"
"RESTAURANTES E SIMILARES",,,"RESTAURANTE"
"RESTAURANTES E SIMILARES",,,"RESTAURANTE"
"RESTAURANTES E SIMILARES",,,"RESTAURANTE"
"RESTAURANTES E SIMILARES",,,"RESTAURANTE"
"RESTAURANTES E SIMILARES",,,"RESTAURANTE"
"RESTAURANTES E SIMILARES",,,"RESTAURANTE"
"RESTAURANTES E SIMILARES",,,"RESTAURANTE"
"RESTAURANTES E SIMILARES",,,"RESTAURANTE"
"RESTAURANTES E SIMILARES",,,"RESTAURANTE"
"RESTAURANTES E SIMILARES",,,"RESTAURANTE"
"RESTAURANTES E SIMILARES",,,"RESTAURANTE"
"RESTAURANTES E SIMILARES",,,"RESTAURANTE"
"RESTAURANTES E SIMILARES",,,"RESTAURANTE"
"RESTAURANTES E SIMILARES",,,"RESTAURANTE"
"RESTAURANTES E SIMILARES",,,"RESTAURANTE"
"RESTAURANTES E SIMILARES",,,"RESTAURANTE"
"RESTAURANTES E SIMILARES",,,"RESTAURANTE"
"RESTAURANTES E SIMILARES",,,"RESTAURANTE"
"RESTAURANTES E SIMILARES",,,"RESTAURANTE"
"RESTAURANTES E SIMILARES",,,"RESTAURANTE"
"RESTAURANTES E SIMILARES",,,"RESTAURANTE"
"RESTAURANTES E SIMILARES",,,"RESTAURANTE"
"RESTAURANTES E SIMILARES",,,"RESTAURANTE"
"RESTAURANTES E SIMILARES",,,"RESTAURANTE"
"RESTAURANTES E SIMILARES",,,"RESTAURANTE"
"RESTAURANTES E SIMILARES",,,"RESTAURANTE"
"RESTAURANTES E SIMILARES",,,"RESTAURANTE"
"RESTAURANTES E SIMILARES",,,"RESTAURANTE"
"RESTAURANTES E SIMILARES",,,"RESTAURANTE"
"RESTAURANTES E SIMILARES",,,"RESTAURANTE"
"RESTAURANTES E SIMILARES",,,"RESTAURANTE"
"RESTAURANTES E SIMILARES",,,"RESTAURANTE"
"RESTAURANTES E SIMILARES",,,"RESTAURANTE"
"RESTAURANTES E SIMILARES",,,"RESTAURANTE"
"RESTAURANTES E SIMILARES","BARES E OUTROS ESTABELECIMENTOS ESPECIALIZADOS EM SERVIR BEBIDAS",,"RESTAURANTE"
"RESTAURANTES E SIMILARES","BARES E OUTROS ESTABELECIMENTOS ESPECIALIZADOS EM SERVIR BEBIDAS","SERVIÇOS DE ALIMENTAÇÃO PARA EVENTOS E RECEPÇÕES - BUFÊ","RESTAURANTE"
"RESTAURANTES E SIMILARES","BARES E OUTROS ESTABELECIMENTOS ESPECIALIZADOS EM",,"RESTAURANTE"
"RESTAURANTES E SIMILARES","BARES E OUTROS ESTABELECIMENTOS ESPECIALIZADOS EM",,"RESTAURANTE"
"RESTAURANTES E SIMILARES","BARES E OUTROS ESTABELECIMENTOS ESPECIALIZADOS EM",,"RESTAURANTE"
"RESTAURANTES E SIMILARES","BARES E OUTROS ESTABELECIMENTOS ESPECIALIZADOS EM",,"RESTAURANTE"
"RESTAURANTES E SIMILARES","BARES E OUTROS ESTABELECIMENTOS ESPECIALIZADOS EM",,"RESTAURANTE"
"RESTAURANTES E SIMILARES","BARES E OUTROS ESTABELECIMENTOS ESPECIALIZADOS EM",,"RESTAURANTE"
"RESTAURANTES E SIMILARES","BARES E OUTROS ESTABELECIMENTOS ESPECIALIZADOS EM",,"RESTAURANTE"
"RESTAURANTES E SIMILARES","BARES E OUTROS ESTABELECIMENTOS ESPECIALIZADOS EM",,"RESTAURANTE"
"RESTAURANTES E SIMILARES","BARES E OUTROS ESTABELECIMENTOS ESPECIALIZADOS EM","COMÉRCIO VAREJISTA DE PRODUTOS ALIMENTÍCIOS EM GER","RESTAURANTE"
"RESTAURANTES E SIMILARES","BARES E OUTROS ESTABELECIMENTOS ESPECIALIZADOS EM","SERVIÇOS DE ENTREGA RÁPIDA","RESTAURANTE"
"RESTAURANTES E SIMILARES","CANTINAS - SERVIÇOS DE ALIMENTAÇÃO PRIVATIVOS",,"RESTAURANTE"
"RESTAURANTES E SIMILARES","CASAS DE FESTAS E EVENTOS","BARES E OUTROS ESTABELECIMENTOS ESPECIALIZADOS EM SERVIR BEBIDAS","RESTAURANTE"
"RESTAURANTES E SIMILARES","CHURRASCARIA",,"RESTAURANTE"
"RESTAURANTES E SIMILARES","CHURRASCARIA",,"RESTAURANTE"
"RESTAURANTES E SIMILARES","CHURRASCARIA",,"RESTAURANTE"
"RESTAURANTES E SIMILARES","CHURRASCARIA",,"RESTAURANTE"
"RESTAURANTES E SIMILARES","CHURRASCARIA",,"RESTAURANTE"
"RESTAURANTES E SIMILARES","CHURRASCARIA","SERVIÇOS DE ALIMENTAÇÃO PARA EVENTOS E RECEPÇÕES -","RESTAURANTE"
"RESTAURANTES E SIMILARES","COMÉRCIO VAREJISTA DE BEBIDAS",,"RESTAURANTE"
"RESTAURANTES E SIMILARES","COMÉRCIO VAREJISTA DE OUTROS ARTIGOS DE USO DOMÉST","COMÉRCIO VAREJISTA DE PRODUTOS ALIMENTÍCIOS EM GER","RESTAURANTE"
"RESTAURANTES E SIMILARES","COMÉRCIO VAREJISTA DE OUTROS ARTIGOS DE USO DOMÉST","COMÉRCIO VAREJISTA DE PRODUTOS ALIMENTÍCIOS EM GER","RESTAURANTE"
"RESTAURANTES E SIMILARES","COMÉRCIO VAREJISTA DE PRODUTOS ALIMENTÍCIOS EM GER",,"RESTAURANTE"
"RESTAURANTES E SIMILARES","COMÉRCIO VAREJISTA DE PRODUTOS ALIMENTÍCIOS EM GER","COMÉRCIO VAREJISTA DE BEBIDAS","RESTAURANTE"
"RESTAURANTES E SIMILARES","COMÉRCIO VAREJISTA DE SORVETES EMBALADOS","PIZZARIA","RESTAURANTE"
"RESTAURANTES E SIMILARES","COMPRA E VENDA DE IMÓVEIS PRÓPRIOS",,"RESTAURANTE"
"RESTAURANTES E SIMILARES","DISCOTECAS, DANCETERIAS, SALÕES DE DANÇA E SIMILAR","ATIVIDADES DE CONSULTORIA EM GESTÃO EMPRESARIAL, E","RESTAURANTE"
"RESTAURANTES E SIMILARES","DISCOTECAS, DANCETERIAS, SALÕES DE DANÇA E SIMILARES","PIZZARIA","RESTAURANTE"
"RESTAURANTES E SIMILARES","ESTACIONAMENTO DE VEÍCULOS","COMÉRCIO VAREJISTA DE PRODUTOS ALIMENTÍCIOS EM GER","RESTAURANTE"
"RESTAURANTES E SIMILARES","FABRICAÇÃO DE PRODUTOS DE PADARIA E CONFEITARIA CO","LANCHONETES, CASAS DE CHÁ, DE SUCOS E SIMILARES","RESTAURANTE"
"RESTAURANTES E SIMILARES","FABRICAÇÃO DE PRODUTOS DE PADARIA E CONFEITARIA CO","LANCHONETES, CASAS DE CHÁ, DE SUCOS E SIMILARES","RESTAURANTE"
"RESTAURANTES E SIMILARES","FORNECIMENTO DE ALIMENTOS PREPARADOS PREPONDERANTE","COMÉRCIO VAREJISTA DE MERCADORIAS EM GERAL, COM PR","RESTAURANTE"
"RESTAURANTES E SIMILARES","FORNECIMENTO DE ALIMENTOS PREPARADOS PREPONDERANTE","LANCHONETES, CASAS DE CHÁ, DE SUCOS E SIMILARES","RESTAURANTE"
"RESTAURANTES E SIMILARES","FORNECIMENTO DE ALIMENTOS PREPARADOS PREPONDERANTE","LANCHONETES, CASAS DE CHÁ, DE SUCOS E SIMILARES","RESTAURANTE"
"RESTAURANTES E SIMILARES","FORNECIMENTO DE ALIMENTOS PREPARADOS PREPONDERANTE","SERVIÇOS DE ALIMENTAÇÃO PARA EVENTOS E RECEPÇÕES -","RESTAURANTE"
"RESTAURANTES E SIMILARES","FORNECIMENTO DE ALIMENTOS PREPARADOS PREPONDERANTEMENTE PARA CONSUMO DOMICILIAR",,"RESTAURANTE"
"RESTAURANTES E SIMILARES","FORNECIMENTO DE ALIMENTOS PREPARADOS PREPONDERANTEMENTE PARA CONSUMO DOMICILIAR","LANCHONETES, CASAS DE CHÁ, DE SUCOS E SIMILARES","RESTAURANTE"
"RESTAURANTES E SIMILARES","LANCHONETES, CASAS DE CHÁ, DE SUCOS E SIMILARES",,"RESTAURANTE"
"RESTAURANTES E SIMILARES","LANCHONETES, CASAS DE CHÁ, DE SUCOS E SIMILARES",,"RESTAURANTE"
"RESTAURANTES E SIMILARES","LANCHONETES, CASAS DE CHÁ, DE SUCOS E SIMILARES",,"RESTAURANTE"
"RESTAURANTES E SIMILARES","LANCHONETES, CASAS DE CHÁ, DE SUCOS E SIMILARES",,"RESTAURANTE"
"RESTAURANTES E SIMILARES","LANCHONETES, CASAS DE CHÁ, DE SUCOS E SIMILARES",,"RESTAURANTE"
"RESTAURANTES E SIMILARES","LANCHONETES, CASAS DE CHÁ, DE SUCOS E SIMILARES",,"RESTAURANTE"
"RESTAURANTES E SIMILARES","LANCHONETES, CASAS DE CHÁ, DE SUCOS E SIMILARES",,"RESTAURANTE"
"RESTAURANTES E SIMILARES","LANCHONETES, CASAS DE CHÁ, DE SUCOS E SIMILARES",,"RESTAURANTE"
"RESTAURANTES E SIMILARES","LANCHONETES, CASAS DE CHÁ, DE SUCOS E SIMILARES",,"RESTAURANTE"
"RESTAURANTES E SIMILARES","LANCHONETES, CASAS DE CHÁ, DE SUCOS E SIMILARES",,"RESTAURANTE"
"RESTAURANTES E SIMILARES","LANCHONETES, CASAS DE CHÁ, DE SUCOS E SIMILARES",,"RESTAURANTE"
"RESTAURANTES E SIMILARES","LANCHONETES, CASAS DE CHÁ, DE SUCOS E SIMILARES",,"RESTAURANTE"
"RESTAURANTES E SIMILARES","LANCHONETES, CASAS DE CHÁ, DE SUCOS E SIMILARES","BARES E OUTROS ESTABELECIMENTOS ESPECIALIZADOS EM","RESTAURANTE"
"RESTAURANTES E SIMILARES","LANCHONETES, CASAS DE CHÁ, DE SUCOS E SIMILARES","BARES E OUTROS ESTABELECIMENTOS ESPECIALIZADOS EM","RESTAURANTE"
"RESTAURANTES E SIMILARES","LANCHONETES, CASAS DE CHÁ, DE SUCOS E SIMILARES","BARES E OUTROS ESTABELECIMENTOS ESPECIALIZADOS EM","RESTAURANTE"
"RESTAURANTES E SIMILARES","LANCHONETES, CASAS DE CHÁ, DE SUCOS E SIMILARES","BARES E OUTROS ESTABELECIMENTOS ESPECIALIZADOS EM","RESTAURANTE"
"RESTAURANTES E SIMILARES","LANCHONETES, CASAS DE CHÁ, DE SUCOS E SIMILARES","BARES E OUTROS ESTABELECIMENTOS ESPECIALIZADOS EM","RESTAURANTE"
"RESTAURANTES E SIMILARES","LANCHONETES, CASAS DE CHÁ, DE SUCOS E SIMILARES","BARES E OUTROS ESTABELECIMENTOS ESPECIALIZADOS EM","RESTAURANTE"
"RESTAURANTES E SIMILARES","LANCHONETES, CASAS DE CHÁ, DE SUCOS E SIMILARES","BARES E OUTROS ESTABELECIMENTOS ESPECIALIZADOS EM","RESTAURANTE"
"RESTAURANTES E SIMILARES","LANCHONETES, CASAS DE CHÁ, DE SUCOS E SIMILARES","BARES E OUTROS ESTABELECIMENTOS ESPECIALIZADOS EM","RESTAURANTE"
"RESTAURANTES E SIMILARES","LANCHONETES, CASAS DE CHÁ, DE SUCOS E SIMILARES","BARES E OUTROS ESTABELECIMENTOS ESPECIALIZADOS EM SERVIR BEBIDAS","RESTAURANTE"
"RESTAURANTES E SIMILARES","LANCHONETES, CASAS DE CHÁ, DE SUCOS E SIMILARES","BARES E OUTROS ESTABELECIMENTOS ESPECIALIZADOS EM SERVIR BEBIDAS","RESTAURANTE"
"RESTAURANTES E SIMILARES","LANCHONETES, CASAS DE CHÁ, DE SUCOS E SIMILARES","BARES E OUTROS ESTABELECIMENTOS ESPECIALIZADOS EM SERVIR BEBIDAS","RESTAURANTE"
"RESTAURANTES E SIMILARES","LANCHONETES, CASAS DE CHÁ, DE SUCOS E SIMILARES","BARES E OUTROS ESTABELECIMENTOS ESPECIALIZADOS EM SERVIR BEBIDAS","RESTAURANTE"
"RESTAURANTES E SIMILARES","LANCHONETES, CASAS DE CHÁ, DE SUCOS E SIMILARES","CANTINAS - SERVIÇOS DE ALIMENTAÇÃO PRIVATIVOS","RESTAURANTE"
"RESTAURANTES E SIMILARES","LANCHONETES, CASAS DE CHÁ, DE SUCOS E SIMILARES","CANTINAS - SERVIÇOS DE ALIMENTAÇÃO PRIVATIVOS","RESTAURANTE"
"RESTAURANTES E SIMILARES","LANCHONETES, CASAS DE CHÁ, DE SUCOS E SIMILARES","CANTINAS - SERVIÇOS DE ALIMENTAÇÃO PRIVATIVOS","RESTAURANTE"
"RESTAURANTES E SIMILARES","LANCHONETES, CASAS DE CHÁ, DE SUCOS E SIMILARES","COMÉRCIO VAREJISTA DE BEBIDAS","RESTAURANTE"
"RESTAURANTES E SIMILARES","LANCHONETES, CASAS DE CHÁ, DE SUCOS E SIMILARES","COMÉRCIO VAREJISTA DE BEBIDAS","RESTAURANTE"
"RESTAURANTES E SIMILARES","LANCHONETES, CASAS DE CHÁ, DE SUCOS E SIMILARES","COMÉRCIO VAREJISTA DE BEBIDAS","RESTAURANTE"
"RESTAURANTES E SIMILARES","LANCHONETES, CASAS DE CHÁ, DE SUCOS E SIMILARES","COMÉRCIO VAREJISTA DE HORTIFRUTIGRANJEIROS","RESTAURANTE"
"RESTAURANTES E SIMILARES","LANCHONETES, CASAS DE CHÁ, DE SUCOS E SIMILARES","COMÉRCIO VAREJISTA DE PRODUTOS ALIMENTÍCIOS EM GER","RESTAURANTE"
"RESTAURANTES E SIMILARES","LANCHONETES, CASAS DE CHÁ, DE SUCOS E SIMILARES","COMÉRCIO VAREJISTA DE PRODUTOS ALIMENTÍCIOS EM GER","RESTAURANTE"
"RESTAURANTES E SIMILARES","LANCHONETES, CASAS DE CHÁ, DE SUCOS E SIMILARES","COMÉRCIO VAREJISTA DE PRODUTOS ALIMENTÍCIOS EM GER","RESTAURANTE"
"RESTAURANTES E SIMILARES","LANCHONETES, CASAS DE CHÁ, DE SUCOS E SIMILARES","COMÉRCIO VAREJISTA DE PRODUTOS ALIMENTÍCIOS EM GERAL OU ESPECIALIZADO EM PRODUTOS ALIMENTÍCIOS NÃO ESPECIFICADOS ANTERIORMENTE","RESTAURANTE"
"RESTAURANTES E SIMILARES","LANCHONETES, CASAS DE CHÁ, DE SUCOS E SIMILARES","COMÉRCIO VAREJISTA DE SUVENIRES, BIJUTERIAS E ARTE","RESTAURANTE"
"RESTAURANTES E SIMILARES","LANCHONETES, CASAS DE CHÁ, DE SUCOS E SIMILARES","SERVIÇOS DE ALIMENTAÇÃO PARA EVENTOS E RECEPÇÕES -","RESTAURANTE"
"RESTAURANTES E SIMILARES","PIZZARIA",,"RESTAURANTE"
"RESTAURANTES E SIMILARES","PIZZARIA",,"RESTAURANTE"
"RESTAURANTES E SIMILARES","PIZZARIA",,"RESTAURANTE"
"RESTAURANTES E SIMILARES","PIZZARIA",,"RESTAURANTE"
"RESTAURANTES E SIMILARES","PIZZARIA","COMÉRCIO VAREJISTA DE BEBIDAS","RESTAURANTE"
"RESTAURANTES E SIMILARES","PIZZARIA","COMÉRCIO VAREJISTA DE MERCADORIAS EM GERAL, COM PREDOMINÂNCIA DE PRODUTOS ALIMENTÍCIOS - MINIMERCADOS, MERCEARIAS E ARMAZÉNS","RESTAURANTE"
"RESTAURANTES E SIMILARES","PIZZARIA","ESTACIONAMENTO DE VEÍCULOS","RESTAURANTE"
"RESTAURANTES E SIMILARES","PIZZARIA","FORNECIMENTO DE ALIMENTOS PREPARADOS PREPONDERANTE","RESTAURANTE"
"RESTAURANTES E SIMILARES","PIZZARIA","FORNECIMENTO DE ALIMENTOS PREPARADOS PREPONDERANTEMENTE PARA CONSUMO DOMICILIAR","RESTAURANTE"
"RESTAURANTES E SIMILARES","PIZZARIA","LANCHONETES, CASAS DE CHÁ, DE SUCOS E SIMILARES","RESTAURANTE"
"RESTAURANTES E SIMILARES","PREPARAÇÃO DE DOCUMENTOS E SERVIÇOS ESPECIALIZADOS","ALUGUEL DE OUTRAS MÁQUINAS E EQUIPAMENTOS COMERCIA","RESTAURANTE"
"RESTAURANTES E SIMILARES","SERVIÇOS DE ALIMENTAÇÃO PARA EVENTOS E RECEPÇÕES -",,"RESTAURANTE"
"RESTAURANTES E SIMILARES","SERVIÇOS DE CONFECÇÕES DE ARTESANATOS","LANCHONETES, CASAS DE CHÁ, DE SUCOS E SIMILARES","RESTAURANTE"
"RESTAURANTES E SIMILARES","SERVIÇOS DE ENTREGA RÁPIDA","COMÉRCIO VAREJISTA DE PRODUTOS ALIMENTÍCIOS EM GER","RESTAURANTE"
"RESTAURANTES E SIMILARES","SERVIÇOS DE MÚSICA AO VIVO","EXPLORAÇÃO DE JOGOS DE SINUCA, BILHAR E SIMILARES","RESTAURANTE"
"RESTAURANTES E SIMILARES","SERVIÇOS DE MÚSICA AO VIVO","LANCHONETES, CASAS DE CHÁ, DE SUCOS E SIMILARES","RESTAURANTE"
"RESTAURANTES E SIMILARES","SERVIÇOS DE MÚSICA MECÂNICA",,"RESTAURANTE"
"RESTAURANTES E SIMILARES","SERVIÇOS DE MÚSICA MECÂNICA","BARES E OUTROS ESTABELECIMENTOS ESPECIALIZADOS EM SERVIR BEBIDAS","RESTAURANTE"
"RESTAURANTES E SIMILARES","SERVIÇOS DE MÚSICA MECÂNICA","SERVIÇOS DE MÚSICA AO VIVO","RESTAURANTE"
"RESTAURANTES E SIMILARES","SERVIÇOS DE MÚSICA MECÂNICA","SERVIÇOS DE MÚSICA AO VIVO","RESTAURANTE"
"RESTAURANTES E SIMILARES","SERVIÇOS DE MÚSICA MECÂNICA","SERVIÇOS DE MÚSICA AO VIVO","RESTAURANTE"
"RESTAURANTES E SIMILARES","SERVIÇOS DE MÚSICA MECÂNICA","SERVIÇOS DE MÚSICA AO VIVO","RESTAURANTE"
"RESTAURANTES E SIMILARES","SERVIÇOS DE MÚSICA MECÂNICA","SERVIÇOS DE MÚSICA AO VIVO","RESTAURANTE"
"RESTAURANTES E SIMILARES","SERVIÇOS DE MÚSICA MECÂNICA","SERVIÇOS DE MÚSICA AO VIVO","RESTAURANTE"
"RESTAURANTES E SIMILARES","SERVIÇOS DE MÚSICA MECÂNICA","SERVIÇOS DE MÚSICA AO VIVO","RESTAURANTE"
"RESTAURANTES E SIMILARES","SERVIÇOS DE MÚSICA MECÂNICA","SERVIÇOS DE MÚSICA AO VIVO","RESTAURANTE"
"RESTAURANTES E SIMILARES","SERVIÇOS DE MÚSICA MECÂNICA","SERVIÇOS DE MÚSICA AO VIVO","RESTAURANTE"
"RESTAURANTES E SIMILARES","SERVIÇOS DE MÚSICA MECÂNICA","SERVIÇOS DE MÚSICA AO VIVO","RESTAURANTE"
"RESTAURANTES E SIMILARES","SERVIÇOS DE MÚSICA MECÂNICA","SERVIÇOS DE MÚSICA AO VIVO","RESTAURANTE"
"RESTAURANTES E SIMILARES","SERVIÇOS DE MÚSICA MECÂNICA","SERVIÇOS DE MÚSICA AO VIVO","RESTAURANTE"
"RESTAURANTES E SIMILARES","SERVIÇOS DE MÚSICA MECÂNICA","SERVIÇOS DE MÚSICA AO VIVO","RESTAURANTE"
"RESTAURANTES E SIMILARES","SERVIÇOS DE MÚSICA MECÂNICA","SERVIÇOS DE MÚSICA AO VIVO","RESTAURANTE"
"RESTAURANTES E SIMILARES","SERVIÇOS DE MÚSICA MECÂNICA","SERVIÇOS DE MÚSICA AO VIVO","RESTAURANTE"
"RESTAURANTES E SIMILARES","TABACARIA",,"RESTAURANTE"
"RESTAURANTES E SIMILARES","TRANSPORTE RODOVIÁRIO COLETIVO DE PASSAGEIROS, SOB REGIME DE FRETAMENTO, MUNICIPAL",,"RESTAURANTE"
"SERVIÇOS DE ALIMENTAÇÃO PARA EVENTOS E RECEPÇÕES -",,,"LANCHONETE"
"SERVIÇOS DE ALIMENTAÇÃO PARA EVENTOS E RECEPÇÕES -",,,"LANCHONETE"
"SERVIÇOS DE ALIMENTAÇÃO PARA EVENTOS E RECEPÇÕES -","SERVIÇOS DE ORGANIZAÇÃO DE FEIRAS, CONGRESSOS, EXP","LANCHONETES, CASAS DE CHÁ, DE SUCOS E SIMILARES","LANCHONETE"
"SERVIÇOS DE ALINHAMENTO E BALANCEAMENTO DE VEÍCULO","COMÉRCIO A VAREJO DE PNEUMÁTICOS E CÂMARAS-DE-AR","COMÉRCIO A VAREJO DE PEÇAS E ACESSÓRIOS NOVOS PARA","MOTOS E AUTOMOTIVOS"
"SERVIÇOS DE ALINHAMENTO E BALANCEAMENTO DE VEÍCULO","SERVIÇOS COMBINADOS DE ESCRITÓRIO E APOIO ADMINIST","SERVIÇOS DE INSTALAÇÃO, MANUTENÇÃO E REPARAÇÃO DE","MOTOS E AUTOMOTIVOS"
"SERVIÇOS DE INSTALAÇÃO, MANUTENÇÃO E REPARAÇÃO DE","COMÉRCIO A VAREJO DE PEÇAS E ACESSÓRIOS NOVOS PARA",,"MOTOS E AUTOMOTIVOS"
"SERVIÇOS DE INSTALAÇÃO, MANUTENÇÃO E REPARAÇÃO DE","LOCAÇÃO DE AUTOMÓVEIS SEM CONDUTOR","COMÉRCIO A VAREJO DE PEÇAS E ACESSÓRIOS NOVOS PARA","MOTOS E AUTOMOTIVOS"
"SERVIÇOS DE LANTERNAGEM OU FUNILARIA E PINTURA DE",,,"MOTOS E AUTOMOTIVOS"
"SERVIÇOS DE LAVAGEM, LUBRIFICAÇÃO E POLIMENTO DE V",,,"MOTOS E AUTOMOTIVOS"
"SERVIÇOS DE LAVAGEM, LUBRIFICAÇÃO E POLIMENTO DE V","SERVIÇOS DE INSTALAÇÃO, MANUTENÇÃO E REPARAÇÃO DE",,"MOTOS E AUTOMOTIVOS"
"SERVIÇOS DE LAVAGEM, LUBRIFICAÇÃO E POLIMENTO DE V","SERVIÇOS DE INSTALAÇÃO, MANUTENÇÃO E REPARAÇÃO DE","COMÉRCIO A VAREJO DE PEÇAS E ACESSÓRIOS NOVOS PARA","MOTOS E AUTOMOTIVOS"
"SERVIÇOS DE MANUTENÇÃO E REPARAÇÃO ELÉTRICA DE VEÍ","COMÉRCIO A VAREJO DE PEÇAS E ACESSÓRIOS NOVOS PARA","SERVIÇOS DE MANUTENÇÃO E REPARAÇÃO MECÂNICA DE VEÍ","MOTOS E AUTOMOTIVOS"
"SERVIÇOS DE MANUTENÇÃO E REPARAÇÃO MECÂNICA DE VEÍ","ATIVIDADES DE INTERMEDIAÇÃO E AGENCIAMENTO DE SERV","SERVIÇOS DE INSTALAÇÃO, MANUTENÇÃO E REPARAÇÃO DE","MOTOS E AUTOMOTIVOS"
"SERVIÇOS DE MANUTENÇÃO E REPARAÇÃO MECÂNICA DE VEÍ","SERVIÇOS DE INSTALAÇÃO, MANUTENÇÃO E REPARAÇÃO DE","COMÉRCIO A VAREJO DE PEÇAS E ACESSÓRIOS NOVOS PARA","MOTOS E AUTOMOTIVOS"
"SERVIÇOS DE MANUTENÇÃO E REPARAÇÃO MECÂNICA DE VEÍ","SERVIÇOS DE INSTALAÇÃO, MANUTENÇÃO E REPARAÇÃO DE","COMÉRCIO A VAREJO DE PEÇAS E ACESSÓRIOS NOVOS PARA","MOTOS E AUTOMOTIVOS"
"SERVIÇOS DE MANUTENÇÃO E REPARAÇÃO MECÂNICA DE VEÍ","SERVIÇOS DE MANUTENÇÃO E REPARAÇÃO ELÉTRICA DE VEÍ",,"MOTOS E AUTOMOTIVOS"
"SHOW ROOM",,,"DECORAÇÃO, CASA OU MÓVEIS PLANEJADOS"
"SHOW ROOM",,,"DECORAÇÃO, CASA OU MÓVEIS PLANEJADOS"
"TABACARIA","COMÉRCIO VAREJISTA DE BEBIDAS",,"LANCHONETE"
"TABACARIA","LANCHONETES, CASAS DE CHÁ, DE SUCOS E SIMILARES","BARES E OUTROS ESTABELECIMENTOS ESPECIALIZADOS EM","LANCHONETE"
"TABACARIA","LANCHONETES, CASAS DE CHÁ, DE SUCOS E SIMILARES","COMÉRCIO VAREJISTA DE OUTROS PRODUTOS NÃO ESPECIFI","LANCHONETE"
"TABACARIA","SERVIÇOS DE MÚSICA MECÂNICA","SERVIÇOS DE MÚSICA AO VIVO","ENTRETENIMENTO"
"COMÉRCIO A VAREJO DE PEÇAS E ACESSÓRIOS NOVOS PARA",,,"MOTOS E AUTOMOTIVOS"